timestamp, cmd_num, J1, J2, J3, J4, J5, J6
0, -1, -13.4393, 43.6787, 12.5946, -11.6275, -87.029, 7.42441
0.002, -1, -13.4393, 43.6787, 12.5946, -11.6275, -87.029, 7.42441
0.006, -1, -13.4393, 43.6787, 12.5946, -11.6275, -87.029, 7.42441
0.008, -1, -13.4393, 43.6787, 12.5946, -11.6275, -87.029, 7.42441
0.011, -1, -13.4393, 43.6787, 12.5946, -11.6275, -87.029, 7.42441
0.016, -1, -13.4393, 43.6787, 12.5946, -11.6275, -87.029, 7.42441
0.02, -1, -13.4393, 43.6787, 12.5946, -11.6275, -87.029, 7.42441
0.024, -1, -13.4393, 43.6787, 12.5946, -11.6275, -87.029, 7.42441
0.028, -1, -13.4393, 43.6787, 12.5946, -11.6275, -87.029, 7.42441
0.032, -1, -13.4393, 43.6787, 12.5946, -11.6275, -87.029, 7.42441
0.036, -1, -13.4392, 43.6786, 12.5946, -11.6275, -87.029, 7.42441
0.04, -1, -13.439, 43.6785, 12.5946, -11.6275, -87.029, 7.42441
0.044, -1, -13.4384, 43.678, 12.5947, -11.6275, -87.029, 7.42439
0.048, -1, -13.4372, 43.6772, 12.5949, -11.6274, -87.0289, 7.42434
0.052, -1, -13.4355, 43.6758, 12.5951, -11.6273, -87.0287, 7.42422
0.056, -1, -13.433, 43.6738, 12.5955, -11.627, -87.0284, 7.42397
0.06, -1, -13.4296, 43.671, 12.5961, -11.6264, -87.0277, 7.42349
0.064, -1, -13.4254, 43.6675, 12.5969, -11.6253, -87.0264, 7.42266
0.068, -1, -13.4203, 43.6631, 12.598, -11.6236, -87.0244, 7.42132
0.072, -1, -13.4141, 43.6579, 12.5994, -11.6209, -87.0213, 7.41928
0.076, -1, -13.4066, 43.6516, 12.6011, -11.617, -87.0167, 7.4163
0.08, -1, -13.3977, 43.6442, 12.6034, -11.6115, -87.0103, 7.41213
0.084, -1, -13.3869, 43.6352, 12.6062, -11.604, -87.0016, 7.40644
0.088, -1, -13.3743, 43.6247, 12.6097, -11.5941, -86.9899, 7.39892
0.092, -1, -13.3596, 43.6124, 12.6138, -11.5812, -86.9748, 7.38918
0.096, -1, -13.3427, 43.5982, 12.6186, -11.5648, -86.9557, 7.37685
0.1, -1, -13.3235, 43.582, 12.6243, -11.5444, -86.9319, 7.36155
0.104, -1, -13.3019, 43.5636, 12.6308, -11.5196, -86.9029, 7.3429
0.108, -1, -13.2776, 43.5427, 12.6382, -11.4899, -86.868, 7.32054
0.112, -1, -13.2505, 43.5193, 12.6467, -11.4547, -86.8269, 7.29416
0.116, -1, -13.2206, 43.4932, 12.6562, -11.4137, -86.7789, 7.26346
0.12, -1, -13.1877, 43.4644, 12.6669, -11.3667, -86.7238, 7.22818
0.124, -1, -13.1519, 43.4328, 12.6786, -11.3132, -86.6612, 7.18814
0.128, -1, -13.113, 43.3984, 12.6916, -11.2532, -86.591, 7.14319
0.131, -1, -13.071, 43.3611, 12.7056, -11.1865, -86.5129, 7.09326
0.136, -1, -13.026, 43.321, 12.7209, -11.1131, -86.4269, 7.03835
0.139, -1, -12.9779, 43.2779, 12.7373, -11.0331, -86.3333, 6.9785
0.144, -1, -12.9267, 43.232, 12.7548, -10.9467, -86.2321, 6.91384
0.148, -1, -12.8726, 43.1833, 12.7734, -10.854, -86.1236, 6.84454
0.152, -1, -12.8155, 43.132, 12.7932, -10.7555, -86.0082, 6.77084
0.156, -1, -12.7557, 43.0781, 12.8139, -10.6514, -85.8863, 6.69301
0.16, -1, -12.6932, 43.0219, 12.8355, -10.5422, -85.7585, 6.61137
0.164, -1, -12.6282, 42.9633, 12.8581, -10.4284, -85.6253, 6.52627
0.168, -1, -12.5607, 42.9025, 12.8815, -10.3105, -85.4872, 6.43809
0.172, -1, -12.4909, 42.8396, 12.9056, -10.189, -85.3449, 6.34721
0.176, -1, -12.4189, 42.7749, 12.9305, -10.0644, -85.1989, 6.25399
0.18, -1, -12.345, 42.7085, 12.956, -9.93711, -85.0499, 6.15879
0.184, -1, -12.2694, 42.6406, 12.9821, -9.80765, -84.8983, 6.06194
0.188, -1, -12.1925, 42.5714, 13.0086, -9.6764, -84.7446, 5.96375
0.192, -1, -12.1142, 42.5011, 13.0356, -9.54373, -84.5892, 5.86449
0.196, -1, -12.0348, 42.4297, 13.0629, -9.40995, -84.4326, 5.76439
0.2, -1, -11.9542, 42.3573, 13.0906, -9.27534, -84.2749, 5.66366
0.204, -1, -11.8724, 42.2841, 13.1185, -9.14011, -84.1166, 5.56246
0.208, -1, -11.7897, 42.21, 13.1466, -9.00443, -83.9577, 5.46092
0.212, -1, -11.7061, 42.1354, 13.1749, -8.86843, -83.7985, 5.35913
0.216, -1, -11.6218, 42.0602, 13.2033, -8.7322, -83.6389, 5.25717
0.22, -1, -11.5371, 41.9847, 13.2318, -8.5958, -83.4792, 5.15507
0.224, -1, -11.452, 41.909, 13.2603, -8.45928, -83.3194, 5.05288
0.228, -1, -11.3667, 41.8332, 13.2889, -8.32266, -83.1594, 4.95062
0.232, -1, -11.2813, 41.7572, 13.3176, -8.18597, -82.9993, 4.8483
0.236, -1, -11.1957, 41.6811, 13.3462, -8.04922, -82.8392, 4.74595
0.24, -1, -11.11, 41.605, 13.3749, -7.91243, -82.679, 4.64355
0.244, -1, -11.0243, 41.5288, 13.4035, -7.77561, -82.5188, 4.54114
0.248, -1, -10.9386, 41.4526, 13.4322, -7.63876, -82.3586, 4.4387
0.252, -1, -10.8528, 41.3764, 13.4609, -7.50189, -82.1983, 4.33625
0.256, -1, -10.767, 41.3002, 13.4896, -7.36501, -82.0381, 4.2338
0.26, -1, -10.6811, 41.2239, 13.5183, -7.22813, -81.8778, 4.13133
0.264, -1, -10.5953, 41.1477, 13.547, -7.09125, -81.7175, 4.02887
0.268, -1, -10.5094, 41.0714, 13.5757, -6.95436, -81.5572, 3.92641
0.272, -1, -10.4236, 40.9952, 13.6044, -6.81749, -81.397, 3.82396
0.276, -1, -10.3378, 40.9189, 13.6331, -6.68063, -81.2367, 3.72151
0.28, -1, -10.252, 40.8427, 13.6618, -6.54379, -81.0765, 3.61908
0.284, -1, -10.1661, 40.7665, 13.6904, -6.40697, -80.9163, 3.51666
0.288, -1, -10.0803, 40.6903, 13.7191, -6.27017, -80.7561, 3.41427
0.292, -1, -9.99456, 40.6141, 13.7478, -6.13341, -80.596, 3.31189
0.296, -1, -9.9088, 40.538, 13.7764, -5.99668, -80.4359, 3.20955
0.3, -1, -9.82306, 40.4618, 13.8051, -5.85999, -80.2758, 3.10723
0.304, -1, -9.73734, 40.3857, 13.8337, -5.72334, -80.1158, 3.00494
0.308, -1, -9.65166, 40.3096, 13.8624, -5.58674, -79.9558, 2.90269
0.312, -1, -9.566, 40.2336, 13.891, -5.45019, -79.796, 2.80048
0.316, -1, -9.48038, 40.1575, 13.9196, -5.31369, -79.6361, 2.69831
0.32, -1, -9.3948, 40.0815, 13.9482, -5.17726, -79.4764, 2.59618
0.324, -1, -9.30925, 40.0055, 13.9768, -5.04089, -79.3167, 2.4941
0.328, -1, -9.22375, 39.9296, 14.0054, -4.90458, -79.1571, 2.39207
0.332, -1, -9.13829, 39.8537, 14.0339, -4.76835, -78.9976, 2.2901
0.336, -1, -9.05287, 39.7778, 14.0625, -4.63219, -78.8382, 2.18818
0.34, -1, -8.9675, 39.702, 14.091, -4.49612, -78.6788, 2.08632
0.344, -1, -8.88219, 39.6262, 14.1195, -4.36012, -78.5196, 1.98452
0.348, -1, -8.79692, 39.5505, 14.148, -4.22421, -78.3604, 1.88279
0.352, -1, -8.71172, 39.4748, 14.1765, -4.0884, -78.2014, 1.78113
0.356, -1, -8.62657, 39.3992, 14.2049, -3.95267, -78.0425, 1.67953
0.36, -1, -8.54148, 39.3236, 14.2334, -3.81705, -77.8837, 1.57801
0.364, -1, -8.45646, 39.2481, 14.2618, -3.68152, -77.725, 1.47657
0.368, -1, -8.3715, 39.1727, 14.2902, -3.54611, -77.5664, 1.3752
0.372, -1, -8.28661, 39.0973, 14.3185, -3.4108, -77.408, 1.27392
0.376, -1, -8.20179, 39.0219, 14.3469, -3.2756, -77.2497, 1.17272
0.38, -1, -8.11704, 38.9467, 14.3752, -3.14052, -77.0915, 1.07161
0.384, -1, -8.03237, 38.8715, 14.4035, -3.00557, -76.9335, 0.970588
0.388, -1, -7.94777, 38.7963, 14.4318, -2.87073, -76.7756, 0.869659
0.392, -1, -7.86325, 38.7212, 14.46, -2.73602, -76.6179, 0.768825
0.396, -1, -7.77881, 38.6463, 14.4882, -2.60145, -76.4603, 0.668089
0.4, -1, -7.69446, 38.5713, 14.5164, -2.467, -76.3029, 0.567454
0.404, -1, -7.61019, 38.4965, 14.5446, -2.3327, -76.1456, 0.466921
0.408, -1, -7.526, 38.4217, 14.5727, -2.19854, -75.9885, 0.366494
0.412, -1, -7.44191, 38.347, 14.6008, -2.06452, -75.8316, 0.266176
0.416, -1, -7.35791, 38.2724, 14.6288, -1.93064, -75.6748, 0.165968
0.42, -1, -7.274, 38.1979, 14.6569, -1.79692, -75.5183, 0.0658724
0.424, -1, -7.19019, 38.1235, 14.6849, -1.66336, -75.3619, -0.0341072
0.428, -1, -7.10648, 38.0491, 14.7128, -1.52995, -75.2057, -0.133969
0.432, -1, -7.02287, 37.9748, 14.7408, -1.3967, -75.0496, -0.233711
0.436, -1, -6.93935, 37.9007, 14.7687, -1.26362, -74.8938, -0.33333
0.44, -1, -6.85595, 37.8266, 14.7965, -1.1307, -74.7382, -0.432824
0.444, -1, -6.77264, 37.7526, 14.8244, -0.99795, -74.5827, -0.532191
0.448, -1, -6.68945, 37.6787, 14.8522, -0.865375, -74.4275, -0.631429
0.452, -1, -6.60636, 37.6049, 14.8799, -0.732975, -74.2725, -0.730535
0.456, -1, -6.52339, 37.5312, 14.9077, -0.600755, -74.1176, -0.829507
0.46, -1, -6.44053, 37.4576, 14.9353, -0.468716, -73.963, -0.928344
0.464, -1, -6.35778, 37.3842, 14.963, -0.336861, -73.8086, -1.02704
0.468, -1, -6.27515, 37.3108, 14.9906, -0.205193, -73.6545, -1.1256
0.472, -1, -6.19264, 37.2375, 15.0181, -0.0737153, -73.5005, -1.22402
0.476, -1, -6.11024, 37.1643, 15.0457, 0.0575699, -73.3468, -1.32229
0.48, -1, -6.02797, 37.0912, 15.0732, 0.18866, -73.1933, -1.42042
0.484, -1, -5.94582, 37.0183, 15.1006, 0.319552, -73.04, -1.51839
0.488, -1, -5.8638, 36.9454, 15.128, 0.450244, -72.887, -1.61622
0.492, -1, -5.7819, 36.8727, 15.1554, 0.580734, -72.7342, -1.7139
0.496, -1, -5.70012, 36.8001, 15.1827, 0.711018, -72.5817, -1.81142
0.5, -1, -5.61848, 36.7276, 15.2099, 0.841096, -72.4294, -1.90879
0.504, -1, -5.53697, 36.6552, 15.2372, 0.970964, -72.2773, -2.006
0.508, -1, -5.45558, 36.5829, 15.2644, 1.10062, -72.1255, -2.10306
0.512, -1, -5.37433, 36.5108, 15.2915, 1.23006, -71.9739, -2.19995
0.516, -1, -5.29321, 36.4387, 15.3186, 1.35929, -71.8226, -2.29668
0.52, -1, -5.21223, 36.3668, 15.3456, 1.4883, -71.6715, -2.39325
0.524, -1, -5.13138, 36.295, 15.3726, 1.6171, -71.5207, -2.48966
0.528, -1, -5.05067, 36.2233, 15.3996, 1.74567, -71.3702, -2.5859
0.532, -1, -4.97009, 36.1518, 15.4265, 1.87402, -71.2199, -2.68198
0.536, -1, -4.88966, 36.0803, 15.4534, 2.00215, -71.0698, -2.77789
0.54, -1, -4.80936, 36.009, 15.4802, 2.13005, -70.9201, -2.87363
0.544, -1, -4.7292, 35.9378, 15.507, 2.25773, -70.7706, -2.9692
0.548, -1, -4.64919, 35.8668, 15.5337, 2.38518, -70.6213, -3.0646
0.552, -1, -4.56931, 35.7959, 15.5604, 2.51241, -70.4724, -3.15984
0.556, -1, -4.48958, 35.725, 15.587, 2.6394, -70.3237, -3.2549
0.56, -1, -4.41, 35.6544, 15.6136, 2.76617, -70.1752, -3.34979
0.564, -1, -4.33056, 35.5838, 15.6401, 2.8927, -70.0271, -3.44451
0.568, -1, -4.25126, 35.5134, 15.6666, 3.01901, -69.8792, -3.53905
0.572, -1, -4.17211, 35.4431, 15.693, 3.14508, -69.7316, -3.63342
0.576, -1, -4.0931, 35.373, 15.7194, 3.27092, -69.5842, -3.72761
0.58, -1, -4.01424, 35.3029, 15.7458, 3.39652, -69.4372, -3.82163
0.584, -1, -3.93553, 35.233, 15.772, 3.52189, -69.2904, -3.91547
0.588, -1, -3.85696, 35.1633, 15.7983, 3.64702, -69.1438, -4.00914
0.592, -1, -3.77855, 35.0936, 15.8245, 3.77191, -68.9976, -4.10263
0.596, -1, -3.70028, 35.0241, 15.8506, 3.89657, -68.8516, -4.19594
0.6, -1, -3.62216, 34.9548, 15.8767, 4.02099, -68.7059, -4.28908
0.604, -1, -3.54419, 34.8855, 15.9027, 4.14517, -68.5605, -4.38203
0.608, -1, -3.46637, 34.8164, 15.9287, 4.26911, -68.4154, -4.47481
0.612, -1, -3.3887, 34.7474, 15.9547, 4.39281, -68.2706, -4.5674
0.616, -1, -3.31118, 34.6786, 15.9806, 4.51628, -68.126, -4.65982
0.62, -1, -3.23382, 34.6099, 16.0064, 4.63949, -67.9817, -4.75205
0.624, -1, -3.1566, 34.5413, 16.0322, 4.76247, -67.8377, -4.84411
0.628, -1, -3.07954, 34.4729, 16.0579, 4.88521, -67.694, -4.93598
0.632, -1, -3.00262, 34.4046, 16.0836, 5.0077, -67.5506, -5.02767
0.636, -1, -2.92586, 34.3364, 16.1092, 5.12995, -67.4074, -5.11918
0.64, -1, -2.84926, 34.2684, 16.1348, 5.25195, -67.2646, -5.2105
0.644, -1, -2.7728, 34.2005, 16.1604, 5.37371, -67.122, -5.30165
0.648, -1, -2.6965, 34.1328, 16.1858, 5.49523, -66.9797, -5.39261
0.652, -1, -2.62035, 34.0652, 16.2113, 5.6165, -66.8377, -5.48338
0.656, -1, -2.54436, 33.9977, 16.2366, 5.73753, -66.696, -5.57398
0.66, -1, -2.46852, 33.9303, 16.262, 5.85831, -66.5546, -5.66439
0.664, -1, -2.39283, 33.8631, 16.2872, 5.97884, -66.4135, -5.75461
0.668, -1, -2.3173, 33.7961, 16.3125, 6.09913, -66.2726, -5.84465
0.672, -1, -2.24192, 33.7291, 16.3376, 6.21917, -66.1321, -5.93451
0.676, -1, -2.1667, 33.6623, 16.3628, 6.33897, -65.9918, -6.02418
0.68, -1, -2.09163, 33.5957, 16.3878, 6.45851, -65.8518, -6.11367
0.684, -1, -2.01672, 33.5292, 16.4129, 6.57781, -65.7121, -6.20297
0.688, -1, -1.94196, 33.4628, 16.4378, 6.69687, -65.5727, -6.29208
0.692, -1, -1.86736, 33.3965, 16.4627, 6.81567, -65.4336, -6.38101
0.696, -1, -1.79291, 33.3304, 16.4876, 6.93423, -65.2948, -6.46976
0.7, -1, -1.71862, 33.2645, 16.5124, 7.05254, -65.1562, -6.55832
0.704, -1, -1.64448, 33.1986, 16.5372, 7.1706, -65.018, -6.64669
0.708, -1, -1.5705, 33.1329, 16.5619, 7.28841, -64.8801, -6.73488
0.712, -1, -1.49668, 33.0674, 16.5865, 7.40597, -64.7424, -6.82288
0.716, -1, -1.42301, 33.002, 16.6111, 7.52329, -64.605, -6.9107
0.72, -1, -1.34949, 32.9367, 16.6357, 7.64036, -64.468, -6.99833
0.724, -1, -1.27614, 32.8715, 16.6602, 7.75718, -64.3312, -7.08577
0.728, -1, -1.20293, 32.8065, 16.6846, 7.87375, -64.1947, -7.17303
0.732, -1, -1.12989, 32.7417, 16.709, 7.99007, -64.0585, -7.2601
0.736, -1, -1.057, 32.677, 16.7333, 8.10615, -63.9226, -7.34699
0.74, -1, -0.984259, 32.6124, 16.7576, 8.22197, -63.7869, -7.43369
0.744, -1, -0.911678, 32.5479, 16.7819, 8.33755, -63.6516, -7.52021
0.748, -1, -0.839252, 32.4836, 16.8061, 8.45288, -63.5166, -7.60653
0.752, -1, -0.766981, 32.4194, 16.8302, 8.56796, -63.3818, -7.69268
0.756, -1, -0.694864, 32.3554, 16.8543, 8.6828, -63.2474, -7.77864
0.76, -1, -0.622901, 32.2915, 16.8783, 8.79738, -63.1132, -7.86441
0.764, -1, -0.551092, 32.2277, 16.9023, 8.91172, -62.9793, -7.95
0.768, -1, -0.479437, 32.1641, 16.9262, 9.02582, -62.8457, -8.0354
0.772, -1, -0.407935, 32.1006, 16.9501, 9.13966, -62.7124, -8.12062
0.776, -1, -0.336586, 32.0373, 16.9739, 9.25326, -62.5794, -8.20566
0.78, -1, -0.26539, 31.9741, 16.9977, 9.36662, -62.4467, -8.29051
0.784, -1, -0.194346, 31.911, 17.0214, 9.47973, -62.3142, -8.37518
0.788, -1, -0.123455, 31.848, 17.0451, 9.5926, -62.182, -8.45966
0.792, -1, -0.0527154, 31.7852, 17.0687, 9.70522, -62.0502, -8.54397
0.796, -1, 0.0178725, 31.7226, 17.0923, 9.81761, -61.9186, -8.62809
0.8, -1, 0.0883091, 31.66, 17.1158, 9.92975, -61.7873, -8.71204
0.804, -1, 0.158595, 31.5976, 17.1393, 10.0417, -61.6562, -8.7958
0.808, -1, 0.22873, 31.5353, 17.1627, 10.1533, -61.5255, -8.87938
0.812, -1, 0.298716, 31.4732, 17.186, 10.2647, -61.395, -8.96279
0.816, -1, 0.368552, 31.4112, 17.2094, 10.3759, -61.2648, -9.04602
0.82, -1, 0.438239, 31.3493, 17.2326, 10.4869, -61.1349, -9.12907
0.824, -1, 0.507778, 31.2876, 17.2559, 10.5976, -61.0053, -9.21194
0.828, -1, 0.577169, 31.226, 17.279, 10.7081, -60.8759, -9.29464
0.832, -1, 0.646413, 31.1645, 17.3021, 10.8183, -60.7468, -9.37716
0.836, -1, 0.71551, 31.1031, 17.3252, 10.9283, -60.618, -9.45951
0.84, -1, 0.78446, 31.0419, 17.3482, 11.0381, -60.4895, -9.54168
0.844, -1, 0.853266, 30.9808, 17.3712, 11.1476, -60.3612, -9.62368
0.848, -1, 0.921925, 30.9199, 17.3941, 11.2569, -60.2332, -9.7055
0.852, -1, 0.990441, 30.859, 17.417, 11.366, -60.1055, -9.78716
0.856, -1, 1.05881, 30.7983, 17.4398, 11.4749, -59.9781, -9.86864
0.86, -1, 1.12704, 30.7378, 17.4626, 11.5835, -59.8509, -9.94995
0.864, -1, 1.19512, 30.6773, 17.4854, 11.6919, -59.7239, -10.0311
0.868, -1, 1.26307, 30.617, 17.508, 11.8001, -59.5973, -10.1121
0.872, -1, 1.33087, 30.5568, 17.5307, 11.908, -59.4709, -10.1929
0.876, -1, 1.39853, 30.4967, 17.5533, 12.0157, -59.3448, -10.2735
0.88, -1, 1.46604, 30.4368, 17.5758, 12.1232, -59.2189, -10.354
0.884, -1, 1.53342, 30.377, 17.5983, 12.2305, -59.0933, -10.4343
0.888, -1, 1.60066, 30.3173, 17.6208, 12.3375, -58.9679, -10.5144
0.892, -1, 1.66775, 30.2577, 17.6432, 12.4444, -58.8429, -10.5943
0.896, -1, 1.73471, 30.1982, 17.6655, 12.551, -58.718, -10.6741
0.9, -1, 1.80153, 30.1389, 17.6878, 12.6574, -58.5935, -10.7538
0.904, -1, 1.86821, 30.0797, 17.7101, 12.7635, -58.4692, -10.8332
0.908, -1, 1.93476, 30.0206, 17.7323, 12.8695, -58.3451, -10.9125
0.912, -1, 2.00117, 29.9617, 17.7545, 12.9752, -58.2213, -10.9917
0.916, -1, 2.06744, 29.9028, 17.7766, 13.0807, -58.0978, -11.0707
0.92, -1, 2.13357, 29.8441, 17.7987, 13.186, -57.9745, -11.1495
0.924, -1, 2.19957, 29.7855, 17.8207, 13.2911, -57.8514, -11.2281
0.928, -1, 2.26543, 29.727, 17.8427, 13.3959, -57.7287, -11.3066
0.932, -1, 2.33116, 29.6687, 17.8647, 13.5006, -57.6061, -11.385
0.936, -1, 2.39676, 29.6104, 17.8866, 13.605, -57.4838, -11.4631
0.94, -1, 2.46222, 29.5523, 17.9084, 13.7092, -57.3618, -11.5412
0.944, -1, 2.52755, 29.4943, 17.9303, 13.8133, -57.24, -11.619
0.948, -1, 2.59275, 29.4364, 17.952, 13.9171, -57.1185, -11.6967
0.952, -1, 2.65781, 29.3787, 17.9738, 14.0206, -56.9972, -11.7743
0.956, -1, 2.72274, 29.321, 17.9954, 14.124, -56.8761, -11.8516
0.96, -1, 2.78755, 29.2635, 18.0171, 14.2272, -56.7553, -11.9289
0.964, -1, 2.85222, 29.2061, 18.0387, 14.3302, -56.6348, -12.0059
0.968, -1, 2.91676, 29.1488, 18.0602, 14.4329, -56.5144, -12.0829
0.972, -1, 2.98117, 29.0916, 18.0817, 14.5355, -56.3944, -12.1596
0.976, -1, 3.04545, 29.0345, 18.1032, 14.6378, -56.2745, -12.2362
0.98, -1, 3.10961, 28.9775, 18.1246, 14.7399, -56.1549, -12.3127
0.984, -1, 3.17363, 28.9207, 18.146, 14.8419, -56.0356, -12.389
0.988, -1, 3.23753, 28.864, 18.1673, 14.9436, -55.9165, -12.4651
0.992, -1, 3.3013, 28.8074, 18.1886, 15.0451, -55.7976, -12.5411
0.996, -1, 3.36494, 28.7508, 18.2099, 15.1465, -55.6789, -12.617
1, -1, 3.42846, 28.6945, 18.2311, 15.2476, -55.5605, -12.6927
1.004, -1, 3.49185, 28.6382, 18.2523, 15.3485, -55.4423, -12.7682
1.008, -1, 3.55512, 28.582, 18.2734, 15.4492, -55.3244, -12.8436
1.012, -1, 3.61826, 28.5259, 18.2945, 15.5498, -55.2067, -12.9189
1.016, -1, 3.68127, 28.47, 18.3155, 15.6501, -55.0892, -12.994
1.02, -1, 3.74416, 28.4142, 18.3365, 15.7502, -54.972, -13.0689
1.024, -1, 3.80693, 28.3584, 18.3575, 15.8502, -54.855, -13.1437
1.027, -1, 3.86958, 28.3028, 18.3784, 15.9499, -54.7382, -13.2184
1.032, -1, 3.9321, 28.2473, 18.3993, 16.0494, -54.6216, -13.2929
1.036, -1, 3.9945, 28.1919, 18.4201, 16.1488, -54.5053, -13.3673
1.04, -1, 4.05678, 28.1366, 18.4409, 16.2479, -54.3892, -13.4415
1.044, -1, 4.11893, 28.0814, 18.4616, 16.3469, -54.2733, -13.5156
1.048, -1, 4.18097, 28.0263, 18.4824, 16.4457, -54.1577, -13.5895
1.052, -1, 4.24289, 27.9714, 18.503, 16.5442, -54.0422, -13.6633
1.055, -1, 4.30468, 27.9165, 18.5237, 16.6426, -53.927, -13.7369
1.06, -1, 4.36636, 27.8617, 18.5443, 16.7408, -53.8121, -13.8104
1.064, -1, 4.42792, 27.8071, 18.5648, 16.8388, -53.6973, -13.8838
1.068, -1, 4.48936, 27.7525, 18.5853, 16.9366, -53.5828, -13.957
1.072, -1, 4.55068, 27.6981, 18.6058, 17.0343, -53.4685, -14.0301
1.076, -1, 4.61188, 27.6438, 18.6262, 17.1317, -53.3544, -14.103
1.08, -1, 4.67297, 27.5895, 18.6466, 17.229, -53.2405, -14.1758
1.084, -1, 4.73394, 27.5354, 18.667, 17.326, -53.1268, -14.2485
1.088, -1, 4.7948, 27.4814, 18.6873, 17.4229, -53.0134, -14.321
1.091, -1, 4.85554, 27.4274, 18.7076, 17.5196, -52.9002, -14.3934
1.096, -1, 4.91617, 27.3736, 18.7278, 17.6161, -52.7871, -14.4656
1.1, -1, 4.97668, 27.3199, 18.7481, 17.7125, -52.6743, -14.5378
1.104, -1, 5.03708, 27.2663, 18.7682, 17.8086, -52.5618, -14.6097
1.108, -1, 5.09737, 27.2127, 18.7883, 17.9046, -52.4494, -14.6816
1.112, -1, 5.15754, 27.1593, 18.8084, 18.0004, -52.3372, -14.7533
1.116, -1, 5.2176, 27.106, 18.8285, 18.096, -52.2253, -14.8249
1.119, -1, 5.27755, 27.0528, 18.8485, 18.1915, -52.1135, -14.8963
1.124, -1, 5.33739, 26.9996, 18.8685, 18.2867, -52.0019, -14.9676
1.128, -1, 5.39712, 26.9466, 18.8884, 18.3818, -51.8906, -15.0388
1.132, -1, 5.45673, 26.8937, 18.9083, 18.4767, -51.7795, -15.1098
1.136, -1, 5.51624, 26.8408, 18.9282, 18.5715, -51.6685, -15.1807
1.14, -1, 5.57564, 26.7881, 18.948, 18.666, -51.5578, -15.2515
1.144, -1, 5.63493, 26.7355, 18.9678, 18.7604, -51.4473, -15.3222
1.147, -1, 5.69412, 26.6829, 18.9876, 18.8547, -51.337, -15.3927
1.152, -1, 5.75319, 26.6305, 19.0073, 18.9487, -51.2268, -15.4631
1.156, -1, 5.81216, 26.5781, 19.027, 19.0426, -51.1169, -15.5334
1.16, -1, 5.87103, 26.5259, 19.0467, 19.1363, -51.0072, -15.6035
1.164, -1, 5.92979, 26.4737, 19.0663, 19.2298, -50.8976, -15.6736
1.168, -1, 5.98844, 26.4216, 19.0859, 19.3232, -50.7883, -15.7435
1.172, -1, 6.04699, 26.3696, 19.1054, 19.4164, -50.6792, -15.8132
1.175, -1, 6.10543, 26.3177, 19.1249, 19.5095, -50.5702, -15.8829
1.18, -1, 6.16377, 26.266, 19.1444, 19.6024, -50.4614, -15.9524
1.184, -1, 6.22201, 26.2142, 19.1639, 19.6951, -50.3529, -16.0218
1.188, -1, 6.28015, 26.1626, 19.1833, 19.7876, -50.2445, -16.0911
1.192, -1, 6.33818, 26.1111, 19.2027, 19.88, -50.1363, -16.1603
1.196, -1, 6.39611, 26.0597, 19.222, 19.9723, -50.0283, -16.2293
1.2, -1, 6.45394, 26.0083, 19.2413, 20.0643, -49.9205, -16.2982
1.204, -1, 6.51167, 25.9571, 19.2606, 20.1562, -49.8129, -16.367
1.208, -1, 6.5693, 25.9059, 19.2798, 20.248, -49.7055, -16.4357
1.212, -1, 6.62683, 25.8548, 19.299, 20.3396, -49.5982, -16.5042
1.216, -1, 6.68426, 25.8038, 19.3182, 20.431, -49.4912, -16.5727
1.22, -1, 6.74159, 25.7529, 19.3374, 20.5223, -49.3843, -16.641
1.224, -1, 6.79882, 25.7021, 19.3565, 20.6134, -49.2776, -16.7092
1.228, -1, 6.85596, 25.6514, 19.3756, 20.7044, -49.1711, -16.7773
1.232, -1, 6.91299, 25.6008, 19.3946, 20.7952, -49.0648, -16.8453
1.236, -1, 6.96993, 25.5502, 19.4136, 20.8858, -48.9586, -16.9131
1.24, -1, 7.02678, 25.4997, 19.4326, 20.9763, -48.8526, -16.9809
1.244, -1, 7.08352, 25.4494, 19.4515, 21.0667, -48.7469, -17.0485
1.248, -1, 7.14018, 25.3991, 19.4705, 21.1569, -48.6413, -17.116
1.252, -1, 7.19673, 25.3488, 19.4893, 21.2469, -48.5358, -17.1834
1.256, -1, 7.25319, 25.2987, 19.5082, 21.3368, -48.4306, -17.2507
1.26, -1, 7.30956, 25.2487, 19.527, 21.4266, -48.3255, -17.3179
1.264, -1, 7.36583, 25.1987, 19.5458, 21.5161, -48.2206, -17.385
1.267, -1, 7.42201, 25.1488, 19.5646, 21.6056, -48.1158, -17.4519
1.272, -1, 7.4781, 25.099, 19.5833, 21.6949, -48.0113, -17.5188
1.276, -1, 7.53409, 25.0493, 19.602, 21.784, -47.9069, -17.5855
1.28, -1, 7.58999, 24.9997, 19.6207, 21.873, -47.8027, -17.6521
1.284, -1, 7.6458, 24.9501, 19.6393, 21.9619, -47.6986, -17.7186
1.288, -1, 7.70152, 24.9007, 19.6579, 22.0506, -47.5948, -17.785
1.292, -1, 7.75715, 24.8513, 19.6765, 22.1392, -47.4911, -17.8513
1.295, -1, 7.81268, 24.802, 19.695, 22.2276, -47.3875, -17.9175
1.3, -1, 7.86813, 24.7528, 19.7135, 22.3159, -47.2842, -17.9836
1.304, -1, 7.92348, 24.7036, 19.732, 22.404, -47.181, -18.0496
1.308, -1, 7.97875, 24.6545, 19.7505, 22.492, -47.0779, -18.1154
1.312, -1, 8.03393, 24.6055, 19.7689, 22.5798, -46.9751, -18.1812
1.316, -1, 8.08901, 24.5566, 19.7873, 22.6675, -46.8724, -18.2468
1.32, -1, 8.14401, 24.5078, 19.8057, 22.7551, -46.7699, -18.3124
1.324, -1, 8.19893, 24.4591, 19.824, 22.8425, -46.6675, -18.3778
1.328, -1, 8.25375, 24.4104, 19.8423, 22.9298, -46.5653, -18.4432
1.332, -1, 8.30849, 24.3618, 19.8606, 23.017, -46.4632, -18.5084
1.336, -1, 8.36314, 24.3133, 19.8788, 23.104, -46.3614, -18.5735
1.34, -1, 8.4177, 24.2648, 19.8971, 23.1909, -46.2596, -18.6386
1.344, -1, 8.47218, 24.2165, 19.9153, 23.2776, -46.1581, -18.7035
1.348, -1, 8.52657, 24.1682, 19.9334, 23.3642, -46.0567, -18.7683
1.352, -1, 8.58088, 24.1199, 19.9515, 23.4507, -45.9554, -18.833
1.356, -1, 8.6351, 24.0718, 19.9697, 23.537, -45.8543, -18.8976
1.36, -1, 8.68923, 24.0237, 19.9877, 23.6232, -45.7534, -18.9622
1.364, -1, 8.74328, 23.9757, 20.0058, 23.7092, -45.6526, -19.0266
1.368, -1, 8.79725, 23.9278, 20.0238, 23.7952, -45.552, -19.0909
1.372, -1, 8.85114, 23.88, 20.0418, 23.881, -45.4516, -19.1551
1.376, -1, 8.90494, 23.8322, 20.0598, 23.9666, -45.3513, -19.2192
1.38, -1, 8.95866, 23.7845, 20.0777, 24.0521, -45.2511, -19.2833
1.384, -1, 9.01229, 23.7369, 20.0956, 24.1375, -45.1511, -19.3472
1.388, -1, 9.06584, 23.6894, 20.1135, 24.2228, -45.0513, -19.411
1.392, -1, 9.11932, 23.6419, 20.1314, 24.3079, -44.9516, -19.4747
1.396, -1, 9.1727, 23.5945, 20.1492, 24.393, -44.8521, -19.5384
1.4, -1, 9.22601, 23.5472, 20.167, 24.4778, -44.7527, -19.6019
1.404, -1, 9.27924, 23.4999, 20.1848, 24.5626, -44.6535, -19.6653
1.408, -1, 9.33239, 23.4527, 20.2025, 24.6472, -44.5544, -19.7287
1.412, -1, 9.38546, 23.4056, 20.2202, 24.7317, -44.4554, -19.7919
1.416, -1, 9.43844, 23.3585, 20.2379, 24.8161, -44.3567, -19.8551
1.42, -1, 9.49135, 23.3116, 20.2556, 24.9003, -44.258, -19.9181
1.424, -1, 9.54418, 23.2647, 20.2732, 24.9844, -44.1595, -19.9811
1.428, -1, 9.59693, 23.2178, 20.2908, 25.0684, -44.0612, -20.044
1.432, -1, 9.6496, 23.1711, 20.3084, 25.1523, -43.963, -20.1067
1.436, -1, 9.7022, 23.1244, 20.326, 25.236, -43.865, -20.1694
1.44, -1, 9.75472, 23.0777, 20.3435, 25.3196, -43.767, -20.232
1.444, -1, 9.80716, 23.0312, 20.361, 25.4031, -43.6693, -20.2945
1.448, -1, 9.85952, 22.9847, 20.3785, 25.4865, -43.5717, -20.3569
1.452, -1, 9.91181, 22.9383, 20.396, 25.5697, -43.4742, -20.4192
1.456, -1, 9.96403, 22.8919, 20.4134, 25.6528, -43.3769, -20.4814
1.46, -1, 10.0162, 22.8456, 20.4308, 25.7358, -43.2797, -20.5436
1.464, -1, 10.0682, 22.7994, 20.4482, 25.8187, -43.1826, -20.6056
1.468, -1, 10.1202, 22.7533, 20.4656, 25.9015, -43.0857, -20.6676
1.472, -1, 10.1721, 22.7072, 20.4829, 25.9841, -42.989, -20.7294
1.476, -1, 10.224, 22.6612, 20.5002, 26.0666, -42.8923, -20.7912
1.48, -1, 10.2757, 22.6152, 20.5175, 26.149, -42.7958, -20.8529
1.484, -1, 10.3274, 22.5693, 20.5348, 26.2313, -42.6995, -20.9145
1.488, -1, 10.379, 22.5235, 20.552, 26.3135, -42.6033, -20.976
1.492, -1, 10.4306, 22.4777, 20.5692, 26.3956, -42.5072, -21.0374
1.496, -1, 10.482, 22.432, 20.5864, 26.4775, -42.4113, -21.0987
1.5, -1, 10.5334, 22.3864, 20.6035, 26.5593, -42.3154, -21.16
1.504, -1, 10.5848, 22.3408, 20.6207, 26.641, -42.2198, -21.2212
1.508, -1, 10.636, 22.2953, 20.6378, 26.7226, -42.1242, -21.2822
1.512, -1, 10.6872, 22.2499, 20.6549, 26.8041, -42.0288, -21.3432
1.516, -1, 10.7383, 22.2045, 20.6719, 26.8855, -41.9336, -21.4041
1.52, -1, 10.7893, 22.1592, 20.689, 26.9667, -41.8384, -21.4649
1.524, -1, 10.8403, 22.114, 20.706, 27.0479, -41.7434, -21.5257
1.528, -1, 10.8912, 22.0688, 20.723, 27.1289, -41.6485, -21.5863
1.532, -1, 10.942, 22.0237, 20.74, 27.2098, -41.5538, -21.6469
1.536, -1, 10.9928, 21.9786, 20.7569, 27.2906, -41.4592, -21.7074
1.54, -1, 11.0435, 21.9336, 20.7738, 27.3713, -41.3647, -21.7678
1.544, -1, 11.0941, 21.8887, 20.7908, 27.4519, -41.2703, -21.8281
1.548, -1, 11.1446, 21.8438, 20.8076, 27.5324, -41.1761, -21.8884
1.552, -1, 11.1951, 21.799, 20.8245, 27.6127, -41.082, -21.9485
1.556, -1, 11.2455, 21.7542, 20.8413, 27.693, -40.988, -22.0086
1.56, -1, 11.2959, 21.7095, 20.8581, 27.7732, -40.8941, -22.0686
1.564, -1, 11.3462, 21.6649, 20.8749, 27.8532, -40.8004, -22.1285
1.568, -1, 11.3964, 21.6203, 20.8917, 27.9331, -40.7068, -22.1884
1.572, -1, 11.4465, 21.5758, 20.9084, 28.013, -40.6133, -22.2481
1.576, -1, 11.4966, 21.5313, 20.9251, 28.0927, -40.52, -22.3078
1.58, -1, 11.5466, 21.4869, 20.9418, 28.1723, -40.4268, -22.3674
1.584, -1, 11.5965, 21.4426, 20.9585, 28.2518, -40.3336, -22.4269
1.588, -1, 11.6464, 21.3983, 20.9752, 28.3313, -40.2407, -22.4864
1.592, -1, 11.6962, 21.3541, 20.9918, 28.4106, -40.1478, -22.5457
1.596, -1, 11.746, 21.3099, 21.0084, 28.4898, -40.0551, -22.605
1.6, -1, 11.7957, 21.2658, 21.025, 28.5689, -39.9624, -22.6642
1.604, -1, 11.8453, 21.2217, 21.0416, 28.6479, -39.8699, -22.7234
1.608, -1, 11.8948, 21.1778, 21.0581, 28.7268, -39.7776, -22.7824
1.612, -1, 11.9443, 21.1338, 21.0747, 28.8055, -39.6853, -22.8414
1.616, -1, 11.9938, 21.0899, 21.0912, 28.8842, -39.5932, -22.9003
1.62, -1, 12.0431, 21.0461, 21.1076, 28.9628, -39.5011, -22.9591
1.624, -1, 12.0924, 21.0023, 21.1241, 29.0413, -39.4092, -23.0179
1.628, -1, 12.1417, 20.9586, 21.1405, 29.1197, -39.3174, -23.0765
1.632, -1, 12.1908, 20.915, 21.157, 29.198, -39.2258, -23.1352
1.636, -1, 12.2399, 20.8714, 21.1734, 29.2762, -39.1342, -23.1937
1.64, -1, 12.289, 20.8278, 21.1897, 29.3543, -39.0428, -23.2521
1.644, -1, 12.338, 20.7843, 21.2061, 29.4323, -38.9515, -23.3105
1.648, -1, 12.3869, 20.7409, 21.2224, 29.5102, -38.8603, -23.3688
1.652, -1, 12.4358, 20.6975, 21.2388, 29.588, -38.7692, -23.4271
1.656, -1, 12.4846, 20.6542, 21.2551, 29.6657, -38.6782, -23.4852
1.66, -1, 12.5333, 20.6109, 21.2713, 29.7433, -38.5873, -23.5433
1.664, -1, 12.582, 20.5677, 21.2876, 29.8208, -38.4966, -23.6013
1.668, -1, 12.6306, 20.5245, 21.3038, 29.8982, -38.4059, -23.6593
1.672, -1, 12.6792, 20.4814, 21.32, 29.9755, -38.3154, -23.7171
1.676, -1, 12.7277, 20.4384, 21.3362, 30.0527, -38.225, -23.7749
1.68, -1, 12.7761, 20.3953, 21.3524, 30.1298, -38.1347, -23.8327
1.684, -1, 12.8245, 20.3524, 21.3686, 30.2069, -38.0445, -23.8903
1.688, -1, 12.8728, 20.3095, 21.3847, 30.2838, -37.9544, -23.9479
1.692, -1, 12.9211, 20.2666, 21.4008, 30.3606, -37.8644, -24.0054
1.696, -1, 12.9693, 20.2238, 21.4169, 30.4374, -37.7746, -24.0629
1.7, -1, 13.0174, 20.1811, 21.433, 30.514, -37.6848, -24.1203
1.704, -1, 13.0655, 20.1384, 21.449, 30.5906, -37.5951, -24.1776
1.708, -1, 13.1136, 20.0958, 21.4651, 30.6671, -37.5056, -24.2348
1.712, -1, 13.1615, 20.0532, 21.4811, 30.7435, -37.4162, -24.292
1.716, -1, 13.2094, 20.0106, 21.4971, 30.8197, -37.3269, -24.3491
1.72, -1, 13.2573, 19.9681, 21.5131, 30.8959, -37.2376, -24.4061
1.724, -1, 13.3051, 19.9257, 21.529, 30.972, -37.1485, -24.4631
1.728, -1, 13.3528, 19.8833, 21.545, 31.0481, -37.0595, -24.52
1.732, -1, 13.4005, 19.841, 21.5609, 31.124, -36.9706, -24.5768
1.736, -1, 13.4482, 19.7987, 21.5768, 31.1998, -36.8818, -24.6336
1.74, -1, 13.4957, 19.7565, 21.5927, 31.2756, -36.7931, -24.6903
1.744, -1, 13.5433, 19.7143, 21.6086, 31.3512, -36.7045, -24.7469
1.748, -1, 13.5907, 19.6721, 21.6244, 31.4268, -36.6161, -24.8035
1.752, -1, 13.6381, 19.63, 21.6402, 31.5023, -36.5277, -24.86
1.756, -1, 13.6855, 19.588, 21.6561, 31.5776, -36.4394, -24.9164
1.76, -1, 13.7328, 19.546, 21.6719, 31.6529, -36.3512, -24.9728
1.764, -1, 13.78, 19.5041, 21.6876, 31.7282, -36.2632, -25.0291
1.768, -1, 13.8272, 19.4622, 21.7034, 31.8033, -36.1752, -25.0853
1.772, -1, 13.8743, 19.4203, 21.7191, 31.8783, -36.0873, -25.1415
1.776, -1, 13.9214, 19.3785, 21.7348, 31.9533, -35.9996, -25.1976
1.78, -1, 13.9684, 19.3368, 21.7505, 32.0281, -35.9119, -25.2536
1.784, -1, 14.0154, 19.2951, 21.7662, 32.1029, -35.8243, -25.3096
1.788, -1, 14.0623, 19.2534, 21.7819, 32.1776, -35.7369, -25.3655
1.792, -1, 14.1092, 19.2118, 21.7975, 32.2522, -35.6495, -25.4214
1.796, -1, 14.156, 19.1703, 21.8132, 32.3268, -35.5622, -25.4772
1.8, -1, 14.2027, 19.1288, 21.8288, 32.4012, -35.4751, -25.5329
1.804, -1, 14.2494, 19.0873, 21.8444, 32.4756, -35.388, -25.5886
1.808, -1, 14.2961, 19.0459, 21.86, 32.5498, -35.301, -25.6442
1.812, -1, 14.3427, 19.0045, 21.8755, 32.624, -35.2142, -25.6997
1.816, -1, 14.3892, 18.9632, 21.8911, 32.6981, -35.1274, -25.7552
1.82, -1, 14.4357, 18.9219, 21.9066, 32.7722, -35.0407, -25.8106
1.824, -1, 14.4822, 18.8807, 21.9221, 32.8461, -34.9541, -25.8659
1.828, -1, 14.5286, 18.8395, 21.9376, 32.92, -34.8676, -25.9212
1.832, -1, 14.5749, 18.7983, 21.9531, 32.9938, -34.7813, -25.9764
1.836, -1, 14.6212, 18.7572, 21.9685, 33.0675, -34.695, -26.0316
1.84, -1, 14.6674, 18.7162, 21.984, 33.1411, -34.6088, -26.0867
1.844, -1, 14.7136, 18.6752, 21.9994, 33.2146, -34.5227, -26.1418
1.848, -1, 14.7598, 18.6342, 22.0148, 33.2881, -34.4367, -26.1967
1.852, -1, 14.8058, 18.5933, 22.0302, 33.3614, -34.3507, -26.2517
1.856, -1, 14.8519, 18.5524, 22.0456, 33.4347, -34.2649, -26.3065
1.86, -1, 14.8979, 18.5116, 22.0609, 33.5079, -34.1792, -26.3613
1.864, -1, 14.9438, 18.4708, 22.0762, 33.5811, -34.0936, -26.4161
1.868, -1, 14.9897, 18.4301, 22.0916, 33.6541, -34.008, -26.4708
1.872, -1, 15.0355, 18.3894, 22.1069, 33.7271, -33.9226, -26.5254
1.876, -1, 15.0813, 18.3487, 22.1222, 33.8, -33.8372, -26.58
1.88, -1, 15.127, 18.3081, 22.1374, 33.8728, -33.7519, -26.6345
1.884, -1, 15.1727, 18.2676, 22.1527, 33.9456, -33.6668, -26.6889
1.888, -1, 15.2184, 18.227, 22.1679, 34.0182, -33.5817, -26.7433
1.892, -1, 15.264, 18.1866, 22.1832, 34.0908, -33.4967, -26.7976
1.896, -1, 15.3095, 18.1461, 22.1984, 34.1633, -33.4118, -26.8519
1.9, -1, 15.355, 18.1057, 22.2136, 34.2358, -33.3269, -26.9062
1.904, -1, 15.4004, 18.0654, 22.2287, 34.3081, -33.2422, -26.9603
1.908, -1, 15.4458, 18.0251, 22.2439, 34.3804, -33.1576, -27.0144
1.912, -1, 15.4912, 17.9848, 22.259, 34.4526, -33.073, -27.0685
1.916, -1, 15.5365, 17.9446, 22.2742, 34.5248, -32.9886, -27.1225
1.92, -1, 15.5818, 17.9044, 22.2893, 34.5968, -32.9042, -27.1764
1.924, -1, 15.627, 17.8643, 22.3044, 34.6688, -32.8199, -27.2303
1.928, -1, 15.6721, 17.8242, 22.3195, 34.7407, -32.7357, -27.2841
1.932, -1, 15.7173, 17.7841, 22.3345, 34.8126, -32.6516, -27.3379
1.936, -1, 15.7623, 17.7441, 22.3496, 34.8843, -32.5676, -27.3916
1.94, -1, 15.8073, 17.7041, 22.3646, 34.956, -32.4836, -27.4453
1.944, -1, 15.8523, 17.6642, 22.3796, 35.0276, -32.3997, -27.4989
1.948, -1, 15.8973, 17.6243, 22.3946, 35.0992, -32.316, -27.5524
1.952, -1, 15.9422, 17.5844, 22.4096, 35.1707, -32.2323, -27.6059
1.956, -1, 15.987, 17.5446, 22.4246, 35.2421, -32.1487, -27.6594
1.96, -1, 16.0318, 17.5048, 22.4396, 35.3134, -32.0652, -27.7128
1.964, -1, 16.0765, 17.4651, 22.4545, 35.3846, -31.9817, -27.7661
1.968, -1, 16.1212, 17.4254, 22.4694, 35.4558, -31.8984, -27.8194
1.972, -1, 16.1659, 17.3858, 22.4844, 35.5269, -31.8151, -27.8726
1.976, -1, 16.2105, 17.3461, 22.4993, 35.598, -31.7319, -27.9258
1.98, -1, 16.2551, 17.3066, 22.5141, 35.6689, -31.6488, -27.9789
1.984, -1, 16.2996, 17.267, 22.529, 35.7398, -31.5658, -28.032
1.988, -1, 16.3441, 17.2275, 22.5439, 35.8107, -31.4829, -28.085
1.992, -1, 16.3886, 17.1881, 22.5587, 35.8814, -31.4, -28.138
1.996, -1, 16.433, 17.1487, 22.5735, 35.9521, -31.3173, -28.1909
1.999, -1, 16.4773, 17.1093, 22.5883, 36.0228, -31.2346, -28.2438
2.004, -1, 16.5216, 17.0699, 22.6031, 36.0933, -31.1519, -28.2966
2.008, -1, 16.5659, 17.0306, 22.6179, 36.1638, -31.0694, -28.3493
2.012, -1, 16.6101, 16.9914, 22.6327, 36.2342, -30.987, -28.4021
2.015, -1, 16.6543, 16.9521, 22.6474, 36.3046, -30.9046, -28.4547
2.019, -1, 16.6984, 16.9129, 22.6622, 36.3748, -30.8223, -28.5073
2.024, -1, 16.7425, 16.8738, 22.6769, 36.445, -30.7401, -28.5599
2.028, -1, 16.7866, 16.8347, 22.6916, 36.5152, -30.658, -28.6124
2.031, -1, 16.8306, 16.7956, 22.7063, 36.5853, -30.5759, -28.6648
2.036, -1, 16.8746, 16.7566, 22.721, 36.6553, -30.4939, -28.7172
2.04, -1, 16.9185, 16.7176, 22.7357, 36.7252, -30.412, -28.7696
2.044, -1, 16.9624, 16.6786, 22.7503, 36.7951, -30.3302, -28.8219
2.048, -1, 17.0062, 16.6397, 22.765, 36.8649, -30.2485, -28.8742
2.051, -1, 17.05, 16.6008, 22.7796, 36.9346, -30.1668, -28.9264
2.055, -1, 17.0938, 16.5619, 22.7942, 37.0043, -30.0852, -28.9785
2.06, -1, 17.1375, 16.5231, 22.8088, 37.0739, -30.0037, -29.0306
2.064, -1, 17.1811, 16.4844, 22.8234, 37.1435, -29.9223, -29.0827
2.068, -1, 17.2244, 16.4458, 22.8379, 37.2129, -29.841, -29.1347
2.071, -1, 17.2671, 16.4077, 22.8523, 37.2823, -29.7597, -29.1866
2.076, -1, 17.3088, 16.3701, 22.8666, 37.3515, -29.6787, -29.2384
2.08, -1, 17.3495, 16.3335, 22.8807, 37.4204, -29.5981, -29.29
2.084, -1, 17.3888, 16.2979, 22.8945, 37.4888, -29.518, -29.3412
2.087, -1, 17.4267, 16.2635, 22.9079, 37.5564, -29.4389, -29.3918
2.092, -1, 17.4632, 16.2306, 22.921, 37.6229, -29.3611, -29.4417
2.096, -1, 17.4983, 16.1992, 22.9337, 37.6879, -29.2851, -29.4903
2.1, -1, 17.5321, 16.1694, 22.9459, 37.7508, -29.2115, -29.5374
2.104, -1, 17.5644, 16.1411, 22.9576, 37.8112, -29.1408, -29.5827
2.107, -1, 17.5951, 16.1145, 22.9686, 37.8686, -29.0737, -29.6257
2.111, -1, 17.624, 16.0896, 22.9791, 37.9226, -29.0106, -29.6661
2.116, -1, 17.6513, 16.0662, 22.9888, 37.9726, -28.9521, -29.7035
2.12, -1, 17.6768, 16.044, 22.9978, 38.0183, -28.8986, -29.7378
2.124, -1, 17.7009, 16.023, 23.0061, 38.0595, -28.8504, -29.7686
2.127, -1, 17.7234, 16.0029, 23.0136, 38.0959, -28.8078, -29.7958
2.132, -1, 17.7446, 15.9838, 23.0205, 38.1275, -28.7707, -29.8195
2.136, -1, 17.7642, 15.9657, 23.0267, 38.1546, -28.739, -29.8397
2.14, -1, 17.7823, 15.9489, 23.0321, 38.1772, -28.7125, -29.8566
2.143, -1, 17.7986, 15.9337, 23.0368, 38.1957, -28.6907, -29.8705
2.148, -1, 17.8131, 15.9202, 23.0409, 38.2106, -28.6732, -29.8816
2.152, -1, 17.8259, 15.9085, 23.0443, 38.2223, -28.6594, -29.8904
2.156, -1, 17.8371, 15.8987, 23.0471, 38.2313, -28.6488, -29.8971
2.16, -1, 17.8467, 15.8905, 23.0494, 38.2381, -28.6409, -29.9021
2.163, -1, 17.855, 15.8838, 23.0513, 38.243, -28.635, -29.9058
2.168, -1, 17.8619, 15.8785, 23.0527, 38.2465, -28.6308, -29.9084
2.172, -1, 17.8674, 15.8744, 23.0538, 38.249, -28.6279, -29.9103
2.176, 2, 17.8716, 15.8714, 23.0546, 38.2507, -28.6258, -29.9115
2.179, 2, 17.8747, 15.8692, 23.0552, 38.2519, -28.6245, -29.9124
2.184, 2, 17.8769, 15.8677, 23.0556, 38.2527, -28.6235, -29.913
2.188, 2, 17.8784, 15.8667, 23.0558, 38.2532, -28.6229, -29.9134
2.192, 2, 17.8794, 15.866, 23.056, 38.2536, -28.6224, -29.9137
2.196, 2, 17.8801, 15.8655, 23.0561, 38.2538, -28.6221, -29.9138
2.199, 2, 17.8806, 15.8652, 23.0562, 38.254, -28.6219, -29.914
2.204, 2, 17.8809, 15.865, 23.0563, 38.2541, -28.6218, -29.9141
2.208, 2, 17.8811, 15.8649, 23.0563, 38.2542, -28.6217, -29.9141
2.212, 2, 17.8813, 15.8648, 23.0563, 38.2543, -28.6217, -29.9141
2.216, 2, 17.8814, 15.8647, 23.0564, 38.2543, -28.6216, -29.9142
2.219, 2, 17.8814, 15.8646, 23.0564, 38.2543, -28.6216, -29.9142
2.224, 2, 17.8815, 15.8646, 23.0564, 38.2543, -28.6216, -29.9142
2.228, 2, 17.8815, 15.8646, 23.0564, 38.2543, -28.6215, -29.9142
2.232, 2, 17.8815, 15.8646, 23.0564, 38.2543, -28.6215, -29.9142
2.235, 2, 17.8815, 15.8646, 23.0564, 38.2544, -28.6215, -29.9142
2.24, 2, 17.8815, 15.8646, 23.0564, 38.2544, -28.6215, -29.9142
2.244, 2, 17.8816, 15.8646, 23.0564, 38.2544, -28.6215, -29.9142
2.248, 2, 17.8816, 15.8646, 23.0564, 38.2544, -28.6215, -29.9142
2.252, 2, 17.8816, 15.8646, 23.0564, 38.2544, -28.6215, -29.9142
2.255, 2, 17.8816, 15.8646, 23.0564, 38.2544, -28.6215, -29.9142
2.259, 2, 17.8816, 15.8646, 23.0564, 38.2544, -28.6215, -29.9142
2.264, 2, 17.8816, 15.8645, 23.0564, 38.2544, -28.6215, -29.9142
2.268, 2, 17.8816, 15.8645, 23.0564, 38.2544, -28.6215, -29.9142
2.272, 2, 17.8816, 15.8645, 23.0564, 38.2544, -28.6215, -29.9142
2.275, 2, 17.8816, 15.8645, 23.0564, 38.2544, -28.6215, -29.9142
2.28, 2, 17.8816, 15.8645, 23.0564, 38.2544, -28.6215, -29.9142
2.284, 2, 17.8816, 15.8645, 23.0564, 38.2544, -28.6215, -29.9142
2.288, 2, 17.8816, 15.8645, 23.0564, 38.2544, -28.6215, -29.9142
2.291, 2, 17.8816, 15.8645, 23.0564, 38.2544, -28.6215, -29.9142
2.296, 2, 17.8816, 15.8645, 23.0564, 38.2544, -28.6215, -29.9142
2.3, 2, 17.8816, 15.8645, 23.0564, 38.2544, -28.6215, -29.9142
2.304, 2, 17.8816, 15.8645, 23.0564, 38.2544, -28.6215, -29.9142
2.308, 2, 17.8816, 15.8645, 23.0564, 38.2544, -28.6215, -29.9142
2.311, 2, 17.8816, 15.8645, 23.0564, 38.2544, -28.6215, -29.9142
2.316, 2, 17.8816, 15.8645, 23.0564, 38.2544, -28.6215, -29.9142
2.32, 2, 17.8816, 15.8645, 23.0564, 38.2544, -28.6215, -29.9142
2.324, 2, 17.8816, 15.8645, 23.0564, 38.2544, -28.6215, -29.9142
2.328, 2, 17.8816, 15.8645, 23.0564, 38.2544, -28.6215, -29.9142
2.331, 2, 17.8816, 15.8645, 23.0564, 38.2544, -28.6215, -29.9142
2.336, 2, 17.8816, 15.8645, 23.0564, 38.2544, -28.6215, -29.9142
2.34, 2, 17.8816, 15.8645, 23.0564, 38.2544, -28.6215, -29.9142
2.344, 2, 17.8816, 15.8645, 23.0564, 38.2544, -28.6215, -29.9142
2.347, 2, 17.8816, 15.8645, 23.0564, 38.2544, -28.6215, -29.9142
2.352, 2, 17.8816, 15.8645, 23.0564, 38.2544, -28.6215, -29.9142
2.356, 2, 17.8816, 15.8645, 23.0564, 38.2544, -28.6215, -29.9142
2.36, 2, 17.8816, 15.8645, 23.0564, 38.2544, -28.6215, -29.9142
2.364, 2, 17.8816, 15.8645, 23.0564, 38.2544, -28.6215, -29.9142
2.367, 2, 17.8816, 15.8645, 23.0564, 38.2544, -28.6215, -29.9142
2.372, 2, 17.8816, 15.8645, 23.0564, 38.2544, -28.6215, -29.9142
2.376, 2, 17.8816, 15.8645, 23.0564, 38.2544, -28.6215, -29.9142
2.38, 2, 17.8816, 15.8645, 23.0564, 38.2544, -28.6215, -29.9142
2.383, 2, 17.8816, 15.8645, 23.0564, 38.2544, -28.6215, -29.9142
2.388, 2, 17.8816, 15.8645, 23.0564, 38.2544, -28.6215, -29.9142
2.392, 2, 17.8816, 15.8645, 23.0564, 38.2544, -28.6215, -29.9142
2.396, 2, 17.8816, 15.8645, 23.0564, 38.2544, -28.6215, -29.9142
2.4, 2, 17.8816, 15.8645, 23.0564, 38.2544, -28.6215, -29.9142
2.403, 2, 17.8816, 15.8645, 23.0564, 38.2544, -28.6215, -29.9142
2.408, 2, 17.8816, 15.8645, 23.0564, 38.2544, -28.6215, -29.9142
2.412, 2, 17.8816, 15.8645, 23.0564, 38.2544, -28.6215, -29.9142
2.416, 2, 17.8816, 15.8645, 23.0564, 38.2544, -28.6215, -29.9142
2.42, 2, 17.8816, 15.8645, 23.0564, 38.2544, -28.6215, -29.9142
2.423, 2, 17.8816, 15.8645, 23.0564, 38.2544, -28.6215, -29.9142
2.428, 2, 17.8816, 15.8645, 23.0564, 38.2544, -28.6215, -29.9142
2.432, 2, 17.8816, 15.8645, 23.0564, 38.2544, -28.6215, -29.9142
2.436, 2, 17.8816, 15.8645, 23.0564, 38.2544, -28.6215, -29.9142
2.439, 2, 17.8816, 15.8645, 23.0564, 38.2544, -28.6215, -29.9142
2.444, 2, 17.8816, 15.8645, 23.0564, 38.2544, -28.6215, -29.9142
2.448, 2, 17.8816, 15.8645, 23.0564, 38.2544, -28.6215, -29.9142
2.452, 2, 17.8816, 15.8645, 23.0564, 38.2544, -28.6215, -29.9142
2.456, 2, 17.8816, 15.8645, 23.0564, 38.2544, -28.6215, -29.9142
2.459, 2, 17.8816, 15.8645, 23.0564, 38.2544, -28.6215, -29.9142
2.464, 2, 17.8816, 15.8645, 23.0564, 38.2544, -28.6215, -29.9142
2.468, 2, 17.8816, 15.8645, 23.0564, 38.2544, -28.6215, -29.9142
2.472, 2, 17.8816, 15.8645, 23.0564, 38.2544, -28.6215, -29.9142
2.476, 2, 17.8816, 15.8645, 23.0564, 38.2544, -28.6215, -29.9142
2.479, 2, 17.8816, 15.8645, 23.0564, 38.2544, -28.6215, -29.9142
2.484, 2, 17.8816, 15.8645, 23.0564, 38.2544, -28.6215, -29.9142
2.488, 2, 17.8816, 15.8645, 23.0564, 38.2544, -28.6215, -29.9142
2.492, 2, 17.8816, 15.8645, 23.0564, 38.2544, -28.6215, -29.9142
2.495, 2, 17.8816, 15.8645, 23.0564, 38.2544, -28.6215, -29.9142
2.5, 2, 17.8816, 15.8645, 23.0564, 38.2544, -28.6215, -29.9142
2.504, 2, 17.8816, 15.8645, 23.0564, 38.2544, -28.6215, -29.9142
2.508, 2, 17.8816, 15.8645, 23.0564, 38.2544, -28.6215, -29.9142
2.512, 2, 17.8816, 15.8645, 23.0564, 38.2544, -28.6215, -29.9142
2.515, 2, 17.8816, 15.8645, 23.0564, 38.2544, -28.6215, -29.9142
2.52, 2, 17.8816, 15.8645, 23.0564, 38.2544, -28.6215, -29.9142
2.524, 2, 17.8816, 15.8645, 23.0564, 38.2544, -28.6215, -29.9142
2.528, 2, 17.8816, 15.8645, 23.0564, 38.2544, -28.6215, -29.9142
2.531, 2, 17.8816, 15.8645, 23.0564, 38.2544, -28.6215, -29.9142
2.536, 2, 17.8816, 15.8645, 23.0564, 38.2544, -28.6215, -29.9142
2.54, 2, 17.8816, 15.8645, 23.0564, 38.2544, -28.6215, -29.9142
2.544, 2, 17.8816, 15.8645, 23.0564, 38.2544, -28.6215, -29.9142
2.548, 2, 17.8816, 15.8645, 23.0564, 38.2544, -28.6215, -29.9142
2.551, 2, 17.8816, 15.8645, 23.0564, 38.2544, -28.6215, -29.9142
2.556, 2, 17.8816, 15.8645, 23.0564, 38.2544, -28.6215, -29.9142
2.56, 2, 17.8816, 15.8645, 23.0564, 38.2544, -28.6215, -29.9142
2.564, 2, 17.8816, 15.8645, 23.0564, 38.2544, -28.6215, -29.9142
2.568, 2, 17.8816, 15.8645, 23.0564, 38.2544, -28.6215, -29.9142
2.571, 2, 17.8816, 15.8645, 23.0564, 38.2544, -28.6215, -29.9142
2.576, 2, 17.8816, 15.8645, 23.0564, 38.2544, -28.6215, -29.9142
2.58, 2, 17.8816, 15.8645, 23.0564, 38.2544, -28.6215, -29.9142
2.584, 2, 17.8816, 15.8645, 23.0564, 38.2544, -28.6215, -29.9142
2.587, 2, 17.8816, 15.8645, 23.0564, 38.2544, -28.6215, -29.9142
2.592, 2, 17.8816, 15.8645, 23.0564, 38.2544, -28.6215, -29.9142
2.596, 2, 17.8816, 15.8645, 23.0564, 38.2544, -28.6215, -29.9142
2.6, 2, 17.8816, 15.8645, 23.0564, 38.2544, -28.6215, -29.9142
2.604, 2, 17.8816, 15.8645, 23.0564, 38.2544, -28.6215, -29.9142
2.607, 2, 17.8816, 15.8645, 23.0564, 38.2544, -28.6215, -29.9142
2.612, 2, 17.8816, 15.8645, 23.0564, 38.2544, -28.6215, -29.9142
2.616, 2, 17.8816, 15.8645, 23.0564, 38.2544, -28.6215, -29.9142
2.62, 2, 17.8816, 15.8645, 23.0564, 38.2544, -28.6215, -29.9142
2.624, 2, 17.8816, 15.8645, 23.0564, 38.2544, -28.6215, -29.9142
2.627, 2, 17.8816, 15.8645, 23.0564, 38.2544, -28.6215, -29.9142
2.632, 2, 17.8816, 15.8645, 23.0564, 38.2544, -28.6215, -29.9142
2.636, 2, 17.8816, 15.8645, 23.0564, 38.2544, -28.6215, -29.9142
2.64, 2, 17.8816, 15.8645, 23.0564, 38.2544, -28.6215, -29.9142
2.643, 2, 17.8816, 15.8645, 23.0564, 38.2544, -28.6215, -29.9142
2.648, 2, 17.8816, 15.8645, 23.0564, 38.2544, -28.6215, -29.9142
2.652, 2, 17.8816, 15.8645, 23.0564, 38.2544, -28.6215, -29.9142
2.656, 2, 17.8816, 15.8645, 23.0564, 38.2544, -28.6215, -29.9142
2.66, 2, 17.8816, 15.8645, 23.0564, 38.2544, -28.6215, -29.9142
2.663, 2, 17.8816, 15.8645, 23.0564, 38.2544, -28.6215, -29.9142
2.668, 2, 17.8816, 15.8645, 23.0564, 38.2544, -28.6215, -29.9142
2.672, 2, 17.8816, 15.8645, 23.0564, 38.2544, -28.6215, -29.9142
2.676, 2, 17.8816, 15.8645, 23.0564, 38.2544, -28.6215, -29.9142
2.679, 2, 17.8816, 15.8645, 23.0564, 38.2544, -28.6215, -29.9142
2.684, 2, 17.8816, 15.8645, 23.0564, 38.2544, -28.6215, -29.9142
2.688, 2, 17.8816, 15.8645, 23.0564, 38.2544, -28.6215, -29.9142
2.692, 2, 17.8816, 15.8645, 23.0564, 38.2544, -28.6215, -29.9142
2.696, 2, 17.8816, 15.8645, 23.0564, 38.2544, -28.6215, -29.9142
2.699, 2, 17.8816, 15.8645, 23.0564, 38.2544, -28.6215, -29.9142
2.704, 2, 17.8816, 15.8645, 23.0564, 38.2544, -28.6215, -29.9142
2.708, 2, 17.8816, 15.8645, 23.0564, 38.2544, -28.6215, -29.9142
2.712, 2, 17.8816, 15.8645, 23.0564, 38.2544, -28.6215, -29.9142
2.716, 2, 17.8816, 15.8645, 23.0564, 38.2544, -28.6215, -29.9142
2.719, 2, 17.8816, 15.8645, 23.0564, 38.2544, -28.6215, -29.9142
2.724, 2, 17.8816, 15.8645, 23.0564, 38.2544, -28.6215, -29.9142
2.728, 2, 17.8816, 15.8645, 23.0564, 38.2544, -28.6215, -29.9142
2.732, 2, 17.8816, 15.8645, 23.0564, 38.2544, -28.6215, -29.9142
2.735, 2, 17.8816, 15.8645, 23.0564, 38.2544, -28.6215, -29.9142
2.74, 2, 17.8816, 15.8645, 23.0564, 38.2544, -28.6215, -29.9142
2.744, 2, 17.8816, 15.8645, 23.0564, 38.2544, -28.6215, -29.9142
2.748, 2, 17.8816, 15.8645, 23.0564, 38.2544, -28.6215, -29.9142
2.752, 2, 17.8816, 15.8645, 23.0564, 38.2544, -28.6215, -29.9142
2.755, 2, 17.8816, 15.8645, 23.0564, 38.2544, -28.6215, -29.9142
2.76, 2, 17.8816, 15.8645, 23.0564, 38.2544, -28.6215, -29.9142
2.764, 2, 17.8816, 15.8645, 23.0564, 38.2544, -28.6215, -29.9142
2.768, 2, 17.8816, 15.8645, 23.0564, 38.2544, -28.6215, -29.9142
2.772, 2, 17.8816, 15.8645, 23.0564, 38.2544, -28.6215, -29.9142
2.775, 2, 17.8816, 15.8645, 23.0564, 38.2544, -28.6215, -29.9142
2.78, 2, 17.8816, 15.8645, 23.0564, 38.2544, -28.6215, -29.9142
2.784, 2, 17.8816, 15.8645, 23.0564, 38.2544, -28.6215, -29.9142
2.788, 2, 17.8816, 15.8645, 23.0564, 38.2544, -28.6215, -29.9142
2.791, 2, 17.8816, 15.8645, 23.0564, 38.2544, -28.6215, -29.9142
2.796, 2, 17.8816, 15.8645, 23.0564, 38.2544, -28.6215, -29.9142
2.8, 2, 17.8816, 15.8645, 23.0564, 38.2544, -28.6215, -29.9142
2.804, 2, 17.8816, 15.8645, 23.0564, 38.2544, -28.6215, -29.9142
2.808, 2, 17.8816, 15.8645, 23.0564, 38.2544, -28.6215, -29.9142
2.811, 2, 17.8816, 15.8645, 23.0564, 38.2544, -28.6215, -29.9142
2.816, 2, 17.8816, 15.8645, 23.0564, 38.2544, -28.6215, -29.9142
2.82, 2, 17.8816, 15.8645, 23.0564, 38.2544, -28.6215, -29.9142
2.824, 2, 17.8816, 15.8645, 23.0564, 38.2544, -28.6215, -29.9142
2.828, 2, 17.8816, 15.8645, 23.0564, 38.2544, -28.6215, -29.9142
2.831, 2, 17.8816, 15.8645, 23.0564, 38.2544, -28.6215, -29.9142
2.836, 2, 17.8816, 15.8645, 23.0564, 38.2544, -28.6215, -29.9142
2.84, 2, 17.8816, 15.8645, 23.0564, 38.2544, -28.6215, -29.9142
2.844, 2, 17.8816, 15.8645, 23.0564, 38.2544, -28.6215, -29.9142
2.847, 2, 17.8816, 15.8645, 23.0564, 38.2544, -28.6215, -29.9142
2.852, 2, 17.8816, 15.8645, 23.0564, 38.2544, -28.6215, -29.9142
2.856, 2, 17.8816, 15.8645, 23.0564, 38.2544, -28.6215, -29.9142
2.86, 2, 17.8816, 15.8645, 23.0564, 38.2544, -28.6215, -29.9142
2.864, 2, 17.8816, 15.8645, 23.0564, 38.2544, -28.6215, -29.9142
2.867, 2, 17.8816, 15.8645, 23.0564, 38.2544, -28.6215, -29.9142
2.872, 2, 17.8816, 15.8645, 23.0564, 38.2544, -28.6215, -29.9142
2.876, 2, 17.8816, 15.8645, 23.0564, 38.2544, -28.6215, -29.9142
2.88, 2, 17.8816, 15.8645, 23.0564, 38.2544, -28.6215, -29.9142
2.883, 2, 17.8816, 15.8645, 23.0564, 38.2544, -28.6215, -29.9142
2.888, 2, 17.8816, 15.8645, 23.0564, 38.2544, -28.6215, -29.9142
2.892, 2, 17.8816, 15.8645, 23.0564, 38.2544, -28.6215, -29.9142
2.896, 2, 17.8816, 15.8645, 23.0564, 38.2544, -28.6215, -29.9142
2.9, 2, 17.8816, 15.8645, 23.0564, 38.2544, -28.6215, -29.9142
2.903, 2, 17.8816, 15.8645, 23.0564, 38.2544, -28.6215, -29.9142
2.908, 2, 17.8816, 15.8645, 23.0564, 38.2544, -28.6215, -29.9142
2.912, 2, 17.8816, 15.8645, 23.0564, 38.2544, -28.6215, -29.9142
2.916, 2, 17.8816, 15.8645, 23.0564, 38.2544, -28.6215, -29.9142
2.92, 2, 17.8816, 15.8645, 23.0564, 38.2544, -28.6215, -29.9142
2.923, 2, 17.8816, 15.8645, 23.0564, 38.2544, -28.6215, -29.9142
2.928, 2, 17.8816, 15.8645, 23.0564, 38.2544, -28.6215, -29.9142
2.932, 2, 17.8816, 15.8645, 23.0564, 38.2544, -28.6215, -29.9142
2.936, 2, 17.8816, 15.8645, 23.0564, 38.2544, -28.6215, -29.9142
2.939, 2, 17.8816, 15.8645, 23.0564, 38.2544, -28.6215, -29.9142
2.944, 2, 17.8816, 15.8645, 23.0564, 38.2544, -28.6215, -29.9142
2.948, 2, 17.8816, 15.8645, 23.0564, 38.2544, -28.6215, -29.9142
2.952, 2, 17.8816, 15.8645, 23.0564, 38.2544, -28.6215, -29.9142
2.956, 2, 17.8816, 15.8645, 23.0564, 38.2544, -28.6215, -29.9142
2.959, 2, 17.8816, 15.8645, 23.0564, 38.2544, -28.6215, -29.9142
2.964, 2, 17.8816, 15.8645, 23.0564, 38.2544, -28.6215, -29.9142
2.968, 2, 17.8816, 15.8645, 23.0564, 38.2544, -28.6215, -29.9142
2.972, 2, 17.8816, 15.8645, 23.0564, 38.2544, -28.6215, -29.9142
2.976, 2, 17.8816, 15.8645, 23.0564, 38.2544, -28.6215, -29.9142
2.98, 2, 17.8816, 15.8645, 23.0564, 38.2544, -28.6215, -29.9142
2.984, 2, 17.8816, 15.8645, 23.0564, 38.2544, -28.6215, -29.9142
2.988, 2, 17.8816, 15.8645, 23.0564, 38.2544, -28.6215, -29.9142
2.992, 2, 17.8816, 15.8645, 23.0564, 38.2544, -28.6215, -29.9142
2.995, 2, 17.8816, 15.8645, 23.0564, 38.2544, -28.6215, -29.9142
3, 2, 17.8816, 15.8645, 23.0564, 38.2544, -28.6215, -29.9142
3.004, 2, 17.8816, 15.8645, 23.0564, 38.2544, -28.6215, -29.9142
3.008, 2, 17.8816, 15.8645, 23.0564, 38.2544, -28.6215, -29.9142
3.012, 2, 17.8816, 15.8645, 23.0564, 38.2544, -28.6215, -29.9142
3.015, 2, 17.8816, 15.8645, 23.0564, 38.2544, -28.6215, -29.9142
3.02, 2, 17.8816, 15.8645, 23.0564, 38.2544, -28.6215, -29.9142
3.024, 2, 17.8816, 15.8645, 23.0564, 38.2544, -28.6215, -29.9142
3.028, 2, 17.8816, 15.8645, 23.0564, 38.2544, -28.6215, -29.9142
3.031, 2, 17.8816, 15.8645, 23.0564, 38.2544, -28.6215, -29.9142
3.036, 2, 17.8816, 15.8645, 23.0564, 38.2544, -28.6215, -29.9142
3.04, 2, 17.8816, 15.8645, 23.0564, 38.2544, -28.6215, -29.9142
3.044, 2, 17.8816, 15.8645, 23.0564, 38.2544, -28.6215, -29.9142
3.048, 2, 17.8816, 15.8645, 23.0564, 38.2544, -28.6215, -29.9142
3.051, 2, 17.8816, 15.8645, 23.0564, 38.2544, -28.6215, -29.9142
3.056, 2, 17.8816, 15.8645, 23.0564, 38.2544, -28.6215, -29.9142
3.06, 2, 17.8816, 15.8645, 23.0564, 38.2544, -28.6215, -29.9142
3.064, 2, 17.8816, 15.8645, 23.0564, 38.2544, -28.6215, -29.9142
3.068, 2, 17.8816, 15.8645, 23.0564, 38.2544, -28.6215, -29.9142
3.071, 2, 17.8816, 15.8645, 23.0564, 38.2544, -28.6215, -29.9142
3.076, 2, 17.8816, 15.8645, 23.0564, 38.2544, -28.6215, -29.9142
3.08, 2, 17.8816, 15.8645, 23.0564, 38.2544, -28.6215, -29.9142
3.084, 2, 17.8816, 15.8645, 23.0564, 38.2544, -28.6215, -29.9142
3.087, 2, 17.8816, 15.8645, 23.0564, 38.2544, -28.6215, -29.9142
3.092, 2, 17.8816, 15.8645, 23.0564, 38.2544, -28.6215, -29.9142
3.096, 2, 17.8816, 15.8645, 23.0564, 38.2544, -28.6215, -29.9142
3.1, 2, 17.8816, 15.8645, 23.0564, 38.2544, -28.6215, -29.9142
3.104, 2, 17.8816, 15.8645, 23.0564, 38.2544, -28.6215, -29.9142
3.107, 2, 17.8816, 15.8645, 23.0564, 38.2544, -28.6215, -29.9142
3.112, 2, 17.8816, 15.8645, 23.0564, 38.2544, -28.6215, -29.9142
3.116, 2, 17.8816, 15.8645, 23.0564, 38.2544, -28.6215, -29.9142
3.12, 2, 17.8816, 15.8645, 23.0564, 38.2544, -28.6215, -29.9142
3.124, 2, 17.8816, 15.8645, 23.0564, 38.2544, -28.6215, -29.9142
3.128, 2, 17.8816, 15.8645, 23.0564, 38.2544, -28.6215, -29.9142
3.132, 2, 17.8816, 15.8645, 23.0564, 38.2544, -28.6215, -29.9142
3.136, 2, 17.8816, 15.8645, 23.0564, 38.2544, -28.6215, -29.9142
3.14, 2, 17.8816, 15.8645, 23.0564, 38.2544, -28.6215, -29.9142
3.143, 2, 17.8816, 15.8645, 23.0564, 38.2544, -28.6215, -29.9142
3.148, 2, 17.8816, 15.8645, 23.0564, 38.2544, -28.6215, -29.9142
3.152, 2, 17.8816, 15.8645, 23.0564, 38.2544, -28.6215, -29.9142
3.156, 2, 17.8816, 15.8645, 23.0564, 38.2544, -28.6215, -29.9142
3.16, 2, 17.8816, 15.8645, 23.0564, 38.2544, -28.6215, -29.9142
3.163, 2, 17.8816, 15.8645, 23.0564, 38.2544, -28.6215, -29.9142
3.168, 2, 17.8816, 15.8645, 23.0564, 38.2544, -28.6215, -29.9142
3.172, 2, 17.8816, 15.8645, 23.0564, 38.2544, -28.6215, -29.9142
3.176, 2, 17.8816, 15.8645, 23.0564, 38.2544, -28.6215, -29.9142
3.179, 2, 17.8816, 15.8645, 23.0564, 38.2544, -28.6215, -29.9142
3.184, 2, 17.8816, 15.8645, 23.0564, 38.2544, -28.6215, -29.9142
3.188, 2, 17.8816, 15.8645, 23.0564, 38.2544, -28.6215, -29.9142
3.192, 2, 17.8816, 15.8645, 23.0564, 38.2544, -28.6215, -29.9142
3.196, 2, 17.8816, 15.8645, 23.0564, 38.2544, -28.6215, -29.9142
3.199, 2, 17.8816, 15.8645, 23.0564, 38.2544, -28.6215, -29.9142
3.204, 2, 17.8816, 15.8645, 23.0564, 38.2544, -28.6215, -29.9142
3.208, 2, 17.8816, 15.8645, 23.0564, 38.2544, -28.6215, -29.9142
3.212, 2, 17.8816, 15.8645, 23.0564, 38.2544, -28.6215, -29.9142
3.216, 2, 17.8816, 15.8645, 23.0564, 38.2544, -28.6215, -29.9142
3.22, 2, 17.8816, 15.8645, 23.0564, 38.2544, -28.6215, -29.9142
3.224, 2, 17.8816, 15.8645, 23.0564, 38.2544, -28.6215, -29.9142
3.228, 2, 17.8816, 15.8645, 23.0564, 38.2544, -28.6215, -29.9142
3.232, 2, 17.8816, 15.8645, 23.0564, 38.2544, -28.6215, -29.9142
3.235, 2, 17.8816, 15.8645, 23.0564, 38.2544, -28.6215, -29.9142
3.24, 2, 17.8816, 15.8645, 23.0564, 38.2544, -28.6215, -29.9142
3.244, 2, 17.8816, 15.8645, 23.0564, 38.2544, -28.6215, -29.9142
3.248, 4, 17.8816, 15.8645, 23.0564, 38.2544, -28.6215, -29.9142
3.252, 4, 17.8816, 15.8645, 23.0564, 38.2544, -28.6215, -29.9142
3.255, 4, 17.8816, 15.8645, 23.0564, 38.2544, -28.6215, -29.9142
3.26, 4, 17.8816, 15.8645, 23.0564, 38.2544, -28.6215, -29.9142
3.264, 4, 17.8816, 15.8645, 23.0564, 38.2544, -28.6215, -29.9142
3.268, 4, 17.8816, 15.8645, 23.0564, 38.2544, -28.6215, -29.9142
3.272, 4, 17.8816, 15.8645, 23.0564, 38.2544, -28.6215, -29.9142
3.276, 4, 17.8816, 15.8645, 23.0564, 38.2544, -28.6215, -29.9142
3.28, 4, 17.8816, 15.8645, 23.0564, 38.2544, -28.6215, -29.9142
3.284, 4, 17.8816, 15.8645, 23.0564, 38.2544, -28.6215, -29.9142
3.288, 4, 17.8816, 15.8645, 23.0564, 38.2544, -28.6215, -29.9142
3.291, 4, 17.8816, 15.8645, 23.0564, 38.2544, -28.6215, -29.9142
3.296, 4, 17.8816, 15.8645, 23.0564, 38.2544, -28.6215, -29.9142
3.3, 4, 17.8816, 15.8645, 23.0564, 38.2544, -28.6215, -29.9142
3.304, 4, 17.8816, 15.8645, 23.0564, 38.2544, -28.6215, -29.9142
3.308, 4, 17.8816, 15.8645, 23.0564, 38.2544, -28.6215, -29.9142
3.312, 4, 17.8816, 15.8645, 23.0564, 38.2544, -28.6215, -29.9142
3.316, 4, 17.8816, 15.8645, 23.0564, 38.2544, -28.6215, -29.9142
3.32, 4, 17.8816, 15.8645, 23.0564, 38.2544, -28.6215, -29.9142
3.324, 4, 17.8816, 15.8645, 23.0564, 38.2544, -28.6215, -29.9142
3.328, 4, 17.8816, 15.8645, 23.0564, 38.2544, -28.6215, -29.9142
3.332, 4, 17.8816, 15.8645, 23.0564, 38.2544, -28.6215, -29.9142
3.336, 4, 17.8816, 15.8645, 23.0564, 38.2544, -28.6215, -29.9142
3.34, 4, 17.8816, 15.8645, 23.0564, 38.2544, -28.6215, -29.9142
3.344, 4, 17.8816, 15.8645, 23.0564, 38.2544, -28.6215, -29.9142
3.347, 4, 17.8816, 15.8645, 23.0564, 38.2544, -28.6215, -29.9142
3.352, 4, 17.8816, 15.8645, 23.0564, 38.2544, -28.6215, -29.9142
3.356, 4, 17.8816, 15.8645, 23.0564, 38.2544, -28.6215, -29.9142
3.362, 4, 17.8816, 15.8645, 23.0564, 38.2544, -28.6215, -29.9142
3.365, 4, 17.8816, 15.8645, 23.0564, 38.2544, -28.6215, -29.9142
3.368, 4, 17.8816, 15.8645, 23.0564, 38.2544, -28.6215, -29.9142
3.374, 4, 17.8816, 15.8645, 23.0564, 38.2544, -28.6215, -29.9142
3.378, 4, 17.8816, 15.8645, 23.0564, 38.2544, -28.6215, -29.9142
3.382, 4, 17.8816, 15.8645, 23.0564, 38.2544, -28.6215, -29.9142
3.386, 4, 17.8816, 15.8645, 23.0564, 38.2544, -28.6215, -29.9142
3.39, 4, 17.8816, 15.8645, 23.0564, 38.2544, -28.6215, -29.9142
3.394, 4, 17.8816, 15.8645, 23.0564, 38.2544, -28.6215, -29.9142
3.398, 4, 17.8816, 15.8645, 23.0564, 38.2544, -28.6215, -29.9142
3.4, 4, 17.8816, 15.8645, 23.0564, 38.2544, -28.6215, -29.9142
3.403, 4, 17.8816, 15.8645, 23.0564, 38.2544, -28.6215, -29.9142
3.408, 4, 17.8815, 15.8645, 23.0564, 38.2544, -28.6215, -29.9142
3.412, 4, 17.8812, 15.8645, 23.0564, 38.2543, -28.6215, -29.9142
3.416, 4, 17.8806, 15.8645, 23.0565, 38.2542, -28.6216, -29.9141
3.42, 4, 17.8793, 15.8645, 23.0566, 38.2539, -28.6217, -29.9139
3.424, 4, 17.8773, 15.8644, 23.0569, 38.2532, -28.6219, -29.9133
3.428, 4, 17.8745, 15.8643, 23.0576, 38.2517, -28.6225, -29.912
3.432, 4, 17.8706, 15.864, 23.0586, 38.2489, -28.6235, -29.9095
3.436, 4, 17.8657, 15.8636, 23.0603, 38.2441, -28.6252, -29.9053
3.439, 4, 17.8595, 15.863, 23.063, 38.2364, -28.628, -29.8984
3.444, 4, 17.8518, 15.862, 23.067, 38.2246, -28.6323, -29.8881
3.448, 5, 17.8424, 15.8607, 23.0727, 38.2075, -28.6384, -29.873
3.452, 5, 17.831, 15.8589, 23.0804, 38.1836, -28.647, -29.8519
3.456, 5, 17.817, 15.8565, 23.0909, 38.1512, -28.6587, -29.8232
3.46, 5, 17.8002, 15.8533, 23.1045, 38.1085, -28.6742, -29.7854
3.464, 5, 17.7803, 15.8493, 23.122, 38.0534, -28.6942, -29.7368
3.468, 5, 17.7571, 15.8443, 23.1439, 37.984, -28.7195, -29.6754
3.472, 5, 17.7302, 15.8382, 23.1708, 37.8982, -28.7509, -29.5995
3.476, 5, 17.6995, 15.8309, 23.2033, 37.7942, -28.7892, -29.5075
3.48, 5, 17.6645, 15.8222, 23.242, 37.6701, -28.8351, -29.3978
3.484, 5, 17.6249, 15.8121, 23.2873, 37.5243, -28.8894, -29.2689
3.488, 5, 17.5804, 15.8005, 23.3398, 37.3556, -28.9527, -29.1199
3.492, 5, 17.5307, 15.7874, 23.3997, 37.1629, -29.0257, -28.9497
3.495, 5, 17.4754, 15.7728, 23.4674, 36.9453, -29.1087, -28.7577
3.5, 5, 17.4144, 15.7566, 23.543, 36.7024, -29.2024, -28.5434
3.504, 5, 17.3474, 15.7389, 23.6268, 36.4338, -29.3071, -28.3067
3.508, 5, 17.2741, 15.7197, 23.7187, 36.1394, -29.4232, -28.0476
3.512, 5, 17.1945, 15.6991, 23.8188, 35.8195, -29.5509, -27.7663
3.516, 5, 17.1083, 15.6771, 23.9271, 35.4745, -29.6905, -27.4632
3.52, 5, 17.0155, 15.6539, 24.0435, 35.1049, -29.8422, -27.1389
3.524, 5, 16.9159, 15.6296, 24.1677, 34.7114, -30.0063, -26.7941
3.528, 5, 16.8096, 15.6043, 24.2997, 34.2949, -30.1828, -26.4296
3.531, 5, 16.6966, 15.5782, 24.4392, 33.8562, -30.3719, -26.0464
3.536, 5, 16.5769, 15.5515, 24.5859, 33.3967, -30.5735, -25.6456
3.54, 5, 16.4508, 15.5242, 24.7395, 32.9173, -30.7879, -25.2283
3.544, 5, 16.3182, 15.4965, 24.8997, 32.4195, -31.0147, -24.7958
3.548, 6, 16.1794, 15.4686, 25.0662, 31.9047, -31.254, -24.3493
3.552, 6, 16.0345, 15.4408, 25.2384, 31.3744, -31.5056, -23.8904
3.556, 6, 15.884, 15.413, 25.416, 30.8302, -31.7692, -23.4205
3.56, 6, 15.728, 15.3857, 25.5985, 30.2738, -32.0445, -22.9412
3.564, 6, 15.5669, 15.3588, 25.7853, 29.7069, -32.3312, -22.454
3.568, 6, 15.4009, 15.3327, 25.9759, 29.1314, -32.6287, -21.9607
3.572, 6, 15.2302, 15.3076, 26.1696, 28.5492, -32.9364, -21.4629
3.576, 6, 15.055, 15.2835, 26.3658, 27.9622, -33.2538, -20.9624
3.58, 6, 14.8756, 15.2609, 26.5641, 27.3722, -33.5802, -20.4608
3.584, 6, 14.6921, 15.2397, 26.7636, 26.7809, -33.9148, -19.9597
3.587, 6, 14.505, 15.2202, 26.964, 26.1901, -34.2569, -19.4604
3.592, 6, 14.3146, 15.2025, 27.1647, 25.6011, -34.6059, -18.9643
3.596, 6, 14.1213, 15.1868, 27.3653, 25.0153, -34.9611, -18.4725
3.6, 6, 13.9254, 15.1731, 27.5651, 24.4338, -35.3219, -17.9859
3.604, 7, 13.727, 15.1616, 27.764, 23.8577, -35.6877, -17.5056
3.608, 7, 13.5265, 15.1523, 27.9615, 23.2879, -36.0579, -17.0321
3.612, 7, 13.3239, 15.1455, 28.1574, 22.7249, -36.4322, -16.566
3.616, 7, 13.1194, 15.141, 28.3513, 22.1694, -36.8099, -16.1078
3.62, 7, 12.9131, 15.139, 28.5431, 21.6217, -37.191, -15.6578
3.624, 7, 12.7054, 15.1395, 28.7327, 21.0819, -37.5749, -15.216
3.628, 7, 12.4963, 15.1425, 28.9199, 20.5502, -37.9616, -14.7826
3.632, 7, 12.2861, 15.148, 29.1047, 20.0266, -38.3509, -14.3575
3.636, 7, 12.075, 15.1561, 29.287, 19.5111, -38.7426, -13.9407
3.64, 7, 11.863, 15.1667, 29.4667, 19.0034, -39.1367, -13.532
3.644, 7, 11.6503, 15.1798, 29.6438, 18.5036, -39.533, -13.1312
3.648, 7, 11.4367, 15.1954, 29.8184, 18.0114, -39.9314, -12.7384
3.652, 7, 11.2225, 15.2136, 29.9903, 17.5267, -40.332, -12.3532
3.656, 7, 11.0076, 15.2343, 30.1596, 17.0493, -40.7346, -11.9755
3.66, 8, 10.7921, 15.2575, 30.3262, 16.5791, -41.1391, -11.6053
3.664, 8, 10.576, 15.2833, 30.4902, 16.116, -41.5456, -11.2422
3.668, 8, 10.3593, 15.3116, 30.6516, 15.6596, -41.9539, -10.8862
3.672, 8, 10.142, 15.3424, 30.8102, 15.21, -42.3639, -10.537
3.676, 8, 9.92408, 15.3758, 30.9662, 14.767, -42.7757, -10.1946
3.679, 8, 9.70565, 15.4116, 31.1195, 14.3304, -43.1892, -9.85881
3.684, 8, 9.48669, 15.4501, 31.27, 13.9, -43.6043, -9.52946
3.688, 8, 9.26721, 15.491, 31.4179, 13.4758, -44.0209, -9.20642
3.692, 8, 9.04723, 15.5344, 31.563, 13.0575, -44.439, -8.88956
3.696, 8, 8.82678, 15.5804, 31.7054, 12.6452, -44.8585, -8.57875
3.7, 8, 8.60586, 15.6289, 31.8451, 12.2386, -45.2793, -8.27387
3.704, 8, 8.3845, 15.6799, 31.9819, 11.8377, -45.7015, -7.9748
3.708, 8, 8.16277, 15.7333, 32.1161, 11.4423, -46.1248, -7.68142
3.712, 8, 7.94086, 15.7892, 32.2474, 11.0523, -46.5493, -7.39362
3.716, 9, 7.71912, 15.8474, 32.3759, 10.6676, -46.9748, -7.1113
3.72, 9, 7.49795, 15.9077, 32.5016, 10.2883, -47.4013, -6.83439
3.724, 9, 7.27772, 15.97, 32.6245, 9.9142, -47.8284, -6.56284
3.728, 9, 7.05873, 16.0341, 32.7445, 9.5455, -48.2559, -6.29669
3.732, 9, 6.84123, 16.0998, 32.8615, 9.18235, -48.6834, -6.03602
3.735, 9, 6.6254, 16.1669, 32.9755, 8.82506, -49.1101, -5.78097
3.74, 9, 6.41134, 16.2355, 33.0863, 8.47401, -49.5354, -5.53179
3.744, 9, 6.19915, 16.3053, 33.1937, 8.12968, -49.9584, -5.28873
3.748, 9, 5.98894, 16.3764, 33.2976, 7.79262, -50.378, -5.05212
3.752, 9, 5.78087, 16.4489, 33.3977, 7.4634, -50.7932, -4.82226
3.756, 9, 5.57512, 16.5229, 33.4938, 7.14258, -51.203, -4.59947
3.76, 9, 5.37176, 16.5986, 33.5856, 6.83065, -51.6064, -4.38402
3.764, 9, 5.17083, 16.6762, 33.6728, 6.52805, -52.0024, -4.17612
3.768, 9, 4.97229, 16.756, 33.7551, 6.23506, -52.3905, -3.97587
3.772, 9, 4.77615, 16.8383, 33.8321, 5.9518, -52.7699, -3.7833
3.776, 9, 4.58247, 16.9234, 33.9038, 5.67821, -53.1405, -3.59829
3.78, 10, 4.3913, 17.0113, 33.9696, 5.41406, -53.5023, -3.4206
3.784, 10, 4.20259, 17.1024, 34.0294, 5.15892, -53.8556, -3.24988
3.788, 10, 4.01609, 17.1966, 34.083, 4.9122, -54.2007, -3.08567
3.792, 10, 3.83142, 17.2941, 34.1302, 4.67316, -54.5386, -2.92742
3.796, 10, 3.64822, 17.3951, 34.1706, 4.44094, -54.8701, -2.7745
3.8, 10, 3.46624, 17.4996, 34.2043, 4.21457, -55.1964, -2.62622
3.804, 10, 3.2853, 17.6077, 34.2313, 3.99302, -55.5187, -2.48188
3.808, 10, 3.10523, 17.7197, 34.2514, 3.77521, -55.8386, -2.34074
3.812, 10, 2.92591, 17.8357, 34.2648, 3.5601, -56.1575, -2.20209
3.816, 10, 2.74726, 17.9559, 34.2717, 3.34666, -56.4768, -2.06525
3.82, 10, 2.56908, 18.0806, 34.2722, 3.13397, -56.7978, -1.92962
3.824, 10, 2.39104, 18.2098, 34.2668, 2.9212, -57.1219, -1.79467
3.828, 10, 2.21271, 18.3437, 34.2556, 2.70764, -57.4502, -1.65993
3.832, 10, 2.03367, 18.4825, 34.239, 2.49275, -57.7835, -1.52506
3.836, 10, 1.85368, 18.6259, 34.2174, 2.2761, -58.1226, -1.3898
3.84, 10, 1.67264, 18.7741, 34.1911, 2.05745, -58.4679, -1.25399
3.844, 10, 1.49055, 18.9266, 34.1605, 1.83669, -58.8197, -1.11757
3.848, 10, 1.30757, 19.0832, 34.1259, 1.61392, -59.1779, -0.980611
3.852, 10, 1.12401, 19.2431, 34.0877, 1.38939, -59.5421, -0.843254
3.856, 10, 0.940283, 19.4061, 34.0461, 1.16352, -59.9116, -0.705759
3.86, 10, 0.756769, 19.5715, 34.0015, 0.936884, -60.2855, -0.568469
3.864, 10, 0.573635, 19.7391, 33.954, 0.710197, -60.6626, -0.431802
3.868, 10, 0.390812, 19.9087, 33.9039, 0.484255, -61.0416, -0.296222
3.872, 10, 0.208068, 20.0805, 33.8512, 0.2599, -61.4209, -0.162213
3.876, 10, 0.0251551, 20.2543, 33.796, 0.037955, -61.7992, -0.0302402
3.88, 10, -0.158037, 20.4304, 33.7384, -0.18083, -62.1749, 0.0992753
3.884, 10, -0.341391, 20.6086, 33.6784, -0.395815, -62.547, 0.225983
3.888, 10, -0.524542, 20.7887, 33.616, -0.606494, -62.9143, 0.349614
3.892, 10, -0.706961, 20.9704, 33.5511, -0.812493, -63.2761, 0.469982
3.896, 10, -0.888105, 21.1537, 33.4836, -1.01357, -63.6318, 0.586977
3.9, 10, -1.06756, 21.3385, 33.4132, -1.20958, -63.981, 0.700557
3.904, 11, -1.24513, 21.5249, 33.3395, -1.40048, -64.3236, 0.810742
3.908, 11, -1.4208, 21.7131, 33.2623, -1.58632, -64.6595, 0.917602
3.912, 11, -1.59463, 21.9033, 33.1809, -1.76724, -64.9889, 1.02126
3.916, 11, -1.76668, 22.0958, 33.0949, -1.94345, -65.3121, 1.1219
3.92, 11, -1.93699, 22.2904, 33.0037, -2.11526, -65.6296, 1.21974
3.924, 11, -2.10563, 22.4875, 32.9068, -2.28307, -65.942, 1.31503
3.928, 11, -2.27273, 22.6869, 32.8038, -2.44728, -66.2501, 1.40805
3.932, 11, -2.43841, 22.8889, 32.6942, -2.60835, -66.5545, 1.49909
3.936, 11, -2.60278, 23.0939, 32.5777, -2.76674, -66.8562, 1.58844
3.94, 11, -2.76602, 23.3021, 32.4541, -2.92291, -67.156, 1.6764
3.944, 11, -2.92832, 23.514, 32.323, -3.07731, -67.4545, 1.76323
3.948, 11, -3.08992, 23.7302, 32.1846, -3.23037, -67.7526, 1.84921
3.952, 11, -3.25102, 23.9509, 32.0386, -3.38253, -68.0511, 1.9346
3.956, 11, -3.41182, 24.1764, 31.8852, -3.5342, -68.3506, 2.01964
3.96, 11, -3.57249, 24.4069, 31.7246, -3.68577, -68.6518, 2.10456
3.964, 11, -3.73312, 24.6424, 31.5569, -3.83756, -68.9554, 2.18957
3.968, 11, -3.8938, 24.8828, 31.3825, -3.98985, -69.2616, 2.27481
3.972, 12, -4.05459, 25.128, 31.2015, -4.14281, -69.571, 2.36041
3.976, 12, -4.21555, 25.3776, 31.0143, -4.29655, -69.8835, 2.44644
3.98, 12, -4.37679, 25.6316, 30.8211, -4.45106, -70.1993, 2.53291
3.984, 12, -4.53846, 25.8897, 30.6221, -4.60625, -70.5181, 2.61979
3.988, 12, -4.70076, 26.1517, 30.4175, -4.76197, -70.8396, 2.70702
3.992, 12, -4.86381, 26.4175, 30.2075, -4.91801, -71.1634, 2.79451
3.996, 12, -5.02761, 26.6868, 29.9924, -5.07414, -71.489, 2.88217
3.999, 12, -5.19208, 26.9592, 29.7724, -5.23014, -71.816, 2.96987
4.004, 12, -5.35711, 27.2346, 29.5477, -5.38574, -72.1439, 3.05752
4.008, 12, -5.52256, 27.5126, 29.3185, -5.54074, -72.4721, 3.145
4.012, 12, -5.68836, 27.7931, 29.0852, -5.6949, -72.8001, 3.23223
4.016, 12, -5.85442, 28.0761, 28.8478, -5.84804, -73.1276, 3.31912
4.02, 12, -6.02068, 28.3613, 28.6066, -5.99997, -73.4542, 3.40559
4.024, 12, -6.18703, 28.6487, 28.3618, -6.15055, -73.7795, 3.4916
4.028, 13, -6.35338, 28.9382, 28.1134, -6.29967, -74.1032, 3.57709
4.032, 13, -6.51958, 29.2293, 27.8618, -6.44725, -74.4252, 3.66205
4.036, 13, -6.68548, 29.5219, 27.6068, -6.59323, -74.7453, 3.74646
4.04, 13, -6.85089, 29.8157, 27.3488, -6.73756, -75.0634, 3.83034
4.044, 13, -7.01567, 30.1105, 27.0877, -6.88024, -75.3794, 3.91369
4.048, 13, -7.17973, 30.4061, 26.8236, -7.02125, -75.6932, 3.99652
4.052, 13, -7.34298, 30.7024, 26.5565, -7.16058, -76.0049, 4.07886
4.056, 13, -7.50533, 30.9992, 26.2865, -7.29825, -76.3143, 4.16073
4.06, 13, -7.66667, 31.2966, 26.0136, -7.43425, -76.6215, 4.24216
4.064, 13, -7.82693, 31.5944, 25.7378, -7.56858, -76.9263, 4.32316
4.068, 13, -7.98604, 31.8925, 25.4593, -7.70125, -77.2289, 4.40376
4.072, 13, -8.14397, 32.1909, 25.1779, -7.83225, -77.5291, 4.48397
4.076, 13, -8.3007, 32.4895, 24.8938, -7.96157, -77.8269, 4.56382
4.08, 14, -8.45615, 32.7881, 24.607, -8.08921, -78.1222, 4.6433
4.084, 14, -8.61026, 33.0866, 24.3177, -8.21515, -78.415, 4.72244
4.088, 14, -8.7629, 33.3847, 24.0261, -8.33935, -78.7051, 4.80121
4.092, 14, -8.91399, 33.6823, 23.7323, -8.46179, -78.9924, 4.87962
4.096, 14, -9.0634, 33.9789, 23.4365, -8.58241, -79.2768, 4.95765
4.1, 14, -9.21105, 34.2745, 23.139, -8.70115, -79.5581, 5.03525
4.104, 14, -9.35688, 34.5687, 22.8401, -8.81792, -79.836, 5.11239
4.108, 14, -9.50087, 34.8614, 22.5401, -8.93264, -80.1103, 5.18901
4.112, 14, -9.64298, 35.1524, 22.2393, -9.04521, -80.3807, 5.26504
4.116, 14, -9.78316, 35.4414, 21.9382, -9.15552, -80.6469, 5.3404
4.12, 14, -9.92132, 35.7282, 21.6371, -9.26347, -80.9086, 5.41502
4.124, 14, -10.0574, 36.0125, 21.3365, -9.36895, -81.1655, 5.48882
4.128, 14, -10.1912, 36.2939, 21.0369, -9.47189, -81.4173, 5.56172
4.132, 14, -10.3227, 36.5723, 20.7387, -9.5722, -81.6638, 5.63364
4.136, 14, -10.4519, 36.8474, 20.4423, -9.66979, -81.9047, 5.70451
4.14, 14, -10.5788, 37.1189, 20.1482, -9.76463, -82.1398, 5.77426
4.144, 15, -10.7032, 37.3868, 19.8566, -9.85667, -82.369, 5.84284
4.148, 15, -10.8251, 37.6506, 19.568, -9.94588, -82.5921, 5.91019
4.152, 15, -10.9445, 37.9102, 19.2826, -10.0323, -82.8092, 5.97628
4.156, 15, -11.0611, 38.1652, 19.0008, -10.1159, -83.0201, 6.04108
4.16, 15, -11.1748, 38.4154, 18.7228, -10.1967, -83.2249, 6.10457
4.164, 15, -11.2857, 38.6606, 18.4489, -10.2748, -83.4236, 6.16673
4.168, 15, -11.3935, 38.9006, 18.1793, -10.3502, -83.6163, 6.22757
4.172, 15, -11.4984, 39.1353, 17.9143, -10.423, -83.8031, 6.28706
4.176, 15, -11.6003, 39.3647, 17.6539, -10.4932, -83.984, 6.34521
4.18, 15, -11.6993, 39.5886, 17.3984, -10.5609, -84.1591, 6.40199
4.184, 15, -11.7953, 39.8071, 17.1479, -10.6261, -84.3284, 6.45742
4.188, 15, -11.8882, 40.0199, 16.9026, -10.6888, -84.4921, 6.51147
4.192, 15, -11.9782, 40.227, 16.6627, -10.7492, -84.6502, 6.56413
4.196, 15, -12.0651, 40.4284, 16.4283, -10.8072, -84.8027, 6.61538
4.2, 15, -12.1491, 40.624, 16.1997, -10.863, -84.9497, 6.66521
4.204, 15, -12.2301, 40.8136, 15.9769, -10.9164, -85.0913, 6.7136
4.208, 15, -12.3081, 40.9973, 15.7603, -10.9677, -85.2274, 6.76052
4.212, 15, -12.3832, 41.1748, 15.5499, -11.0167, -85.3581, 6.80595
4.216, 15, -12.4553, 41.3462, 15.346, -11.0635, -85.4835, 6.84986
4.22, 15, -12.5244, 41.5113, 15.1488, -11.1082, -85.6035, 6.89222
4.224, 15, -12.5906, 41.6701, 14.9584, -11.1508, -85.7182, 6.93301
4.228, 15, -12.6539, 41.8225, 14.7751, -11.1913, -85.8276, 6.97219
4.232, 15, -12.7142, 41.9683, 14.5991, -11.2297, -85.9316, 7.00974
4.236, 15, -12.7715, 42.1076, 14.4305, -11.266, -86.0304, 7.04563
4.24, 15, -12.826, 42.2403, 14.2695, -11.3003, -86.1239, 7.07983
4.244, 15, -12.8775, 42.3662, 14.1163, -11.3326, -86.2122, 7.11231
4.248, 15, -12.9261, 42.4854, 13.971, -11.3629, -86.2953, 7.14305
4.252, 15, -12.9719, 42.5979, 13.8338, -11.3912, -86.3731, 7.17204
4.256, 15, -13.0149, 42.7035, 13.7048, -11.4176, -86.4458, 7.19924
4.26, 15, -13.0551, 42.8025, 13.5839, -11.4421, -86.5133, 7.22465
4.264, 15, -13.0927, 42.8949, 13.4713, -11.4647, -86.5757, 7.24827
4.268, 15, -13.1278, 42.9808, 13.3669, -11.4854, -86.6331, 7.27009
4.272, 15, -13.1604, 43.0604, 13.2707, -11.5043, -86.6856, 7.29014
4.276, 15, -13.1907, 43.1338, 13.1825, -11.5215, -86.7334, 7.30844
4.28, 15, -13.2186, 43.201, 13.1022, -11.537, -86.7765, 7.32503
4.284, 15, -13.2441, 43.2621, 13.0296, -11.5509, -86.8151, 7.33996
4.288, 15, -13.2674, 43.3175, 12.9645, -11.5632, -86.8494, 7.35329
4.292, 15, -13.2886, 43.3673, 12.9065, -11.574, -86.8797, 7.36509
4.296, 15, -13.3078, 43.4119, 12.8553, -11.5835, -86.9062, 7.37543
4.3, 15, -13.3252, 43.4517, 12.8105, -11.5917, -86.9291, 7.38441
4.304, 15, -13.3409, 43.4869, 12.7715, -11.5987, -86.9486, 7.39211
4.308, 15, -13.3551, 43.5179, 12.738, -11.6046, -86.9652, 7.39865
4.312, 15, -13.3676, 43.545, 12.7096, -11.6096, -86.979, 7.40414
4.316, 15, -13.3787, 43.5682, 12.6857, -11.6136, -86.9904, 7.40868
4.32, 15, -13.3884, 43.5881, 12.6659, -11.6169, -86.9996, 7.41238
4.324, 15, -13.3968, 43.6049, 12.6497, -11.6196, -87.0071, 7.41537
4.328, 15, -13.4041, 43.619, 12.6366, -11.6217, -87.0129, 7.41773
4.332, 15, -13.4105, 43.6311, 12.6261, -11.6233, -87.0174, 7.41956
4.336, 15, -13.4162, 43.6412, 12.6179, -11.6245, -87.0208, 7.42094
4.34, 15, -13.4212, 43.6498, 12.6116, -11.6254, -87.0233, 7.42197
4.344, 15, -13.4254, 43.657, 12.6067, -11.6261, -87.025, 7.42272
4.348, 15, -13.429, 43.6628, 12.6031, -11.6265, -87.0263, 7.42325
4.352, 16, -13.4319, 43.6674, 12.6005, -11.6268, -87.0272, 7.42362
4.356, 16, -13.4342, 43.6709, 12.5986, -11.6271, -87.0277, 7.42387
4.36, 16, -13.4358, 43.6733, 12.5973, -11.6272, -87.0282, 7.42405
4.364, 16, -13.4369, 43.6751, 12.5965, -11.6273, -87.0284, 7.42416
4.368, 16, -13.4377, 43.6762, 12.5959, -11.6274, -87.0286, 7.42424
4.372, 16, -13.4382, 43.677, 12.5955, -11.6274, -87.0287, 7.4243
4.376, 16, -13.4386, 43.6775, 12.5952, -11.6274, -87.0288, 7.42433
4.38, 16, -13.4388, 43.6779, 12.595, -11.6275, -87.0289, 7.42436
4.384, 16, -13.439, 43.6781, 12.5949, -11.6275, -87.0289, 7.42438
4.388, 16, -13.4391, 43.6783, 12.5948, -11.6275, -87.0289, 7.42439
4.392, 16, -13.4391, 43.6784, 12.5947, -11.6275, -87.0289, 7.42439
4.396, 16, -13.4392, 43.6785, 12.5947, -11.6275, -87.029, 7.4244
4.4, 16, -13.4392, 43.6785, 12.5947, -11.6275, -87.029, 7.4244
4.404, 16, -13.4392, 43.6786, 12.5946, -11.6275, -87.029, 7.42441
4.408, 16, -13.4393, 43.6786, 12.5946, -11.6275, -87.029, 7.42441
4.412, 16, -13.4393, 43.6786, 12.5946, -11.6275, -87.029, 7.42441
4.416, 16, -13.4393, 43.6786, 12.5946, -11.6275, -87.029, 7.42441
4.42, 16, -13.4393, 43.6786, 12.5946, -11.6275, -87.029, 7.42441
4.424, 16, -13.4393, 43.6786, 12.5946, -11.6275, -87.029, 7.42441
4.428, 16, -13.4393, 43.6786, 12.5946, -11.6275, -87.029, 7.42441
4.432, 16, -13.4393, 43.6787, 12.5946, -11.6275, -87.029, 7.42441
4.436, 16, -13.4393, 43.6787, 12.5946, -11.6275, -87.029, 7.42441
4.44, 16, -13.4393, 43.6787, 12.5946, -11.6275, -87.029, 7.42441
4.444, 16, -13.4393, 43.6787, 12.5946, -11.6275, -87.029, 7.42441
4.448, 16, -13.4393, 43.6787, 12.5946, -11.6275, -87.029, 7.42441
4.452, 16, -13.4393, 43.6787, 12.5946, -11.6275, -87.029, 7.42441
4.456, 16, -13.4393, 43.6787, 12.5946, -11.6275, -87.029, 7.42441
4.46, 16, -13.4393, 43.6787, 12.5946, -11.6275, -87.029, 7.42441
4.464, 16, -13.4393, 43.6787, 12.5946, -11.6275, -87.029, 7.42441
4.468, 16, -13.4393, 43.6787, 12.5946, -11.6275, -87.029, 7.42441
